,run_ID,patch_size,test_region,val_region,train_loss,val_loss,epoch_stopped,val_accuracy,val_f1,val_precision,val_recall,val_auroc,train_accuracy,train_f1,train_precision,train_recall,train_auroc,dropout,lr,weight_decay,batch_size
0,T-Har_V-Rod_15px_2026-07-22,15,Hartbeespoort,Rodman,0.10033324271858698,0.25340482043823,17,0.9314397573471069,0.9312376976013184,0.9349112510681152,0.927592933177948,0.9640027284622192,0.9684688448905945,0.9683513045310974,0.9670693278312683,0.9696366190910339,0.9930107593536377,0.31842848360700604,0.006451184267959454,0.009583029730571667,64
1,T-Har_V-Mul_15px_2026-07-22,15,Hartbeespoort,Mula,0.1378453542374731,0.2458195091444553,6,0.9140926599502563,0.908717930316925,0.9355860352516174,0.8833499550819397,0.9608564376831055,0.9550682902336121,0.9549489617347717,0.958048939704895,0.951869010925293,0.9874318838119507,0.31842848360700604,0.006451184267959454,0.009583029730571667,64
2,T-Har_V-Inl_15px_2026-07-22,15,Hartbeespoort,Inle,0.09122714222806197,0.05977951668202877,49,0.9850000143051147,0.9850746393203735,0.9801980257034302,0.9900000095367432,0.9975410103797913,0.9717857837677002,0.9717579483985901,0.9680117964744568,0.975533127784729,0.9939945340156555,0.31842848360700604,0.006451184267959454,0.009583029730571667,64
3,T-Har_V-Vem_15px_2026-07-22,15,Hartbeespoort,Vembanad,0.1069654942466025,0.09343257177617405,23,0.9715284705162048,0.9715426564216614,0.9720279574394226,0.9710578918457031,0.9933573007583618,0.9638831615447998,0.9637758731842041,0.9617918133735657,0.9657681584358215,0.992313027381897,0.31842848360700604,0.006451184267959454,0.009583029730571667,64
4,T-Har_V-Val_15px_2026-07-22,15,Hartbeespoort,Valsequillo,0.13896036910530637,0.16199427673629685,6,0.9465686082839966,0.9474192261695862,0.9325736165046692,0.9627450704574585,0.988788902759552,0.955021858215332,0.9548803567886353,0.9532231688499451,0.9565433859825134,0.9868811368942261,0.31842848360700604,0.006451184267959454,0.009583029730571667,64
5,T-Har_V-Raw_15px_2026-07-22,15,Hartbeespoort,RawaPening,0.10747516359543909,0.09317075463754314,18,0.9715284705162048,0.9721271395683289,0.9530201554298401,0.9920159578323364,0.9961128234863281,0.9644590616226196,0.9643505811691284,0.9624444246292114,0.9662642478942871,0.991916298866272,0.31842848360700604,0.006451184267959454,0.009583029730571667,64
6,T-Har_V-Win_15px_2026-07-22,15,Hartbeespoort,Winam,0.09566627168296532,0.1594451023051408,39,0.9584792256355286,0.9591736197471619,0.9438528418540955,0.9750000238418579,0.9763193130493164,0.969814121723175,0.9697369337081909,0.9674234986305237,0.9720615148544312,0.9935123920440674,0.31842848360700604,0.006451184267959454,0.009583029730571667,64
7,T-Rod_V-Har_15px_2026-07-22,15,Rodman,Hartbeespoort,0.08721959630640096,0.20391938797249567,6,0.8946850299835205,0.8826754093170166,0.9793187379837036,0.8033931851387024,0.9913842678070068,0.971275269985199,0.9711586236953735,0.9701937437057495,0.9721254110336304,0.9943944811820984,0.29701407711980565,0.00029030701473594804,5.204950412995212e-06,64
8,T-Rod_V-Mul_15px_2026-07-22,15,Rodman,Mula,0.04662060422217377,0.228539627045393,13,0.9126448035240173,0.9079816937446594,0.9263485670089722,0.8903290033340454,0.9699227809906006,0.9855072498321533,0.9854879975318909,0.9849162697792053,0.986060380935669,0.9983059167861938,0.29701407711980565,0.00029030701473594804,5.204950412995212e-06,64
9,T-Rod_V-Inl_15px_2026-07-22,15,Rodman,Inle,0.056208693704909725,0.07351638029329478,17,0.9725000262260437,0.9727857708930969,0.9627816081047058,0.9829999804496765,0.9966509342193604,0.9811475872993469,0.9810383319854736,0.9794973731040955,0.9825841784477234,0.9978713989257812,0.29701407711980565,0.00029030701473594804,5.204950412995212e-06,64
10,T-Rod_V-Vem_15px_2026-07-22,15,Rodman,Vembanad,0.05553147941628397,0.06505737283297784,16,0.9770230054855347,0.9770458936691284,0.9770458936691284,0.9770458936691284,0.9967774152755737,0.9812268614768982,0.9811383485794067,0.978386402130127,0.9839057326316833,0.9978063106536865,0.29701407711980565,0.00029030701473594804,5.204950412995212e-06,64
11,T-Rod_V-Val_15px_2026-07-22,15,Rodman,Valsequillo,0.1667747251400814,0.14123150986783645,2,0.9460784196853638,0.9460254907608032,0.9469547867774963,0.9450980424880981,0.9885611534118652,0.9385479688644409,0.9379276037216187,0.9404383301734924,0.9354301691055298,0.98342365026474,0.29701407711980565,0.00029030701473594804,5.204950412995212e-06,64
12,T-Rod_V-Raw_15px_2026-07-22,15,Rodman,RawaPening,0.0789532462272221,0.09911747392523777,7,0.9665334820747375,0.9674282670021057,0.9431279897689819,0.9930139780044556,0.9957734942436218,0.9737340211868286,0.973542332649231,0.9733001589775085,0.9737846255302429,0.9953877925872803,0.29701407711980565,0.00029030701473594804,5.204950412995212e-06,64
13,T-Rod_V-Win_15px_2026-07-22,15,Rodman,Winam,0.07615712138458934,0.14893642354921927,9,0.9544772505760193,0.9545227289199829,0.9540459513664246,0.9549999833106995,0.986143171787262,0.9748929738998413,0.9747495651245117,0.9730578660964966,0.9764471650123596,0.9954370260238647,0.29701407711980565,0.00029030701473594804,5.204950412995212e-06,64
14,T-Mul_V-Har_15px_2026-07-22,15,Mula,Hartbeespoort,0.11467148816481966,0.13202545105838986,3,0.9493110179901123,0.9470437169075012,0.9766702055931091,0.9191616773605347,0.9922029376029968,0.9603641033172607,0.9604033827781677,0.960006594657898,0.9608005285263062,0.9910048246383667,0.3915741122102389,0.0012123634441485443,0.0008826466130239893,64
15,T-Mul_V-Rod_15px_2026-07-22,15,Mula,Rodman,0.04417893609737757,0.13983660190567798,14,0.9510284066200256,0.9518304467201233,0.937381386756897,0.9667319059371948,0.9897202849388123,0.9852588176727295,0.9852502346038818,0.9839457273483276,0.9865582585334778,0.9983789920806885,0.3915741122102389,0.0012123634441485443,0.0008826466130239893,64
16,T-Mul_V-Inl_15px_2026-07-22,15,Mula,Inle,0.044618184489563194,0.053510958140250295,16,0.9829999804496765,0.9831516146659851,0.974459707736969,0.9919999837875366,0.998570442199707,0.985805094242096,0.9857991933822632,0.9844986796379089,0.9871031641960144,0.9984168410301208,0.3915741122102389,0.0012123634441485443,0.0008826466130239893,64
17,T-Mul_V-Vem_15px_2026-07-22,15,Mula,Vembanad,0.030578546014776223,0.06806227116083557,26,0.9790209531784058,0.9790627956390381,0.9780876636505127,0.9800398945808411,0.9955259561538696,0.9902600049972534,0.9902495741844177,0.9894319772720337,0.9910684823989868,0.9993073344230652,0.3915741122102389,0.0012123634441485443,0.0008826466130239893,64
18,T-Mul_V-Val_15px_2026-07-22,15,Mula,Valsequillo,0.04225981367741623,0.2605763847738797,15,0.9308823347091675,0.9286075830459595,0.9602094292640686,0.8990195989608765,0.9748952388763428,0.9841848015785217,0.984169065952301,0.9834354519844055,0.9849037528038025,0.9987543821334839,0.3915741122102389,0.0012123634441485443,0.0008826466130239893,64
19,T-Mul_V-Raw_15px_2026-07-22,15,Mula,RawaPening,0.05199543706491571,0.09184755238664377,11,0.9665334820747375,0.9669787883758545,0.9552093744277954,0.9790419340133667,0.9956357479095459,0.9834089875221252,0.9834035038948059,0.9818631410598755,0.9849487543106079,0.9975656270980835,0.3915741122102389,0.0012123634441485443,0.0008826466130239893,64
20,T-Mul_V-Win_15px_2026-07-22,15,Mula,Winam,0.04871126907175328,0.13386342670848167,14,0.9569784998893738,0.9572139382362366,0.9524752497673035,0.9620000123977661,0.9883723855018616,0.9839082360267639,0.9839016199111938,0.9825226664543152,0.9852843880653381,0.998211145401001,0.3915741122102389,0.0012123634441485443,0.0008826466130239893,64
21,T-Inl_V-Har_15px_2026-07-22,15,Inle,Hartbeespoort,0.13444635651449804,0.08564546246697584,11,0.9822834730148315,0.9822310209274292,0.9716796875,0.9930139780044556,0.9980117082595825,0.9537714719772339,0.9535306692123413,0.9538461565971375,0.9532154202461243,0.988106369972229,0.323540359302987,0.008590800523740923,0.007553503645583194,64
22,T-Inl_V-Rod_15px_2026-07-22,15,Inle,Rodman,0.10684259262939112,0.223557238801803,17,0.9265425801277161,0.9285714030265808,0.9044526815414429,0.9540117383003235,0.9708434343338013,0.9647649526596069,0.9646981358528137,0.9594749808311462,0.9699784517288208,0.9917684197425842,0.323540359302987,0.008590800523740923,0.007553503645583194,64
23,T-Inl_V-Mul_15px_2026-07-22,15,Inle,Mula,0.12250461256758868,0.22868796366061944,13,0.9324324131011963,0.9306243658065796,0.9251231551170349,0.9361914396286011,0.9686599969863892,0.9614591002464294,0.9615669250488281,0.9572341442108154,0.9659391641616821,0.9888749122619629,0.323540359302987,0.008590800523740923,0.007553503645583194,64
24,T-Inl_V-Vem_15px_2026-07-22,15,Inle,Vembanad,0.1306575989940481,0.1181903124864136,11,0.9585414528846741,0.959293782711029,0.9431051015853882,0.976047933101654,0.9922804832458496,0.9580700993537903,0.957987368106842,0.9528949856758118,0.9631344079971313,0.987503707408905,0.323540359302987,0.008590800523740923,0.007553503645583194,64
25,T-Inl_V-Val_15px_2026-07-22,15,Inle,Valsequillo,0.18984782627942934,0.14470243274289019,5,0.947549045085907,0.9470034837722778,0.9569569826126099,0.9372549057006836,0.9858083724975586,0.9364556670188904,0.9361138939857483,0.9344126582145691,0.9378212690353394,0.9765214323997498,0.323540359302987,0.008590800523740923,0.007553503645583194,64
26,T-Inl_V-Raw_15px_2026-07-22,15,Inle,RawaPening,0.12977904899826373,0.0989668108039088,13,0.9655344486236572,0.9660266041755676,0.9533527493476868,0.9790419340133667,0.9939860105514526,0.958972692489624,0.9586981534957886,0.9580650329589844,0.9593321084976196,0.9879339933395386,0.323540359302987,0.008590800523740923,0.007553503645583194,64
27,T-Inl_V-Win_15px_2026-07-22,15,Inle,Winam,0.1371045101926012,0.18935651669540574,15,0.9509754776954651,0.9522417187690735,0.9287072420120239,0.9769999980926514,0.964919924736023,0.953404426574707,0.953150749206543,0.9514243602752686,0.9548835158348083,0.9871116876602173,0.323540359302987,0.008590800523740923,0.007553503645583194,64
28,T-Vem_V-Har_15px_2026-07-22,15,Vembanad,Hartbeespoort,0.06585249969163386,0.07525043074210269,12,0.9763779640197754,0.9760000109672546,0.9779559373855591,0.9740518927574158,0.9944421052932739,0.9773755669593811,0.9772708415985107,0.976867139339447,0.9776749014854431,0.9967933893203735,0.28933092858186743,0.0008924312601060753,1.0719864040714892e-06,64
29,T-Vem_V-Rod_15px_2026-07-22,15,Vembanad,Rodman,0.049372497862285425,0.14188217586973623,20,0.950538694858551,0.9513252973556519,0.9373219609260559,0.965753436088562,0.9883226156234741,0.9833676218986511,0.9832975268363953,0.9800560474395752,0.9865604639053345,0.9979897737503052,0.28933092858186743,0.0008924312601060753,1.0719864040714892e-06,64
30,T-Vem_V-Mul_15px_2026-07-22,15,Vembanad,Mula,0.060221872381862905,0.2394409642544032,9,0.9068532586097717,0.8986876606941223,0.949002206325531,0.8534396886825562,0.975403904914856,0.9805200099945068,0.9805280566215515,0.978268027305603,0.9827985167503357,0.9972068667411804,0.28933092858186743,0.0008924312601060753,1.0719864040714892e-06,64
31,T-Vem_V-Inl_15px_2026-07-22,15,Vembanad,Inle,0.048990168714871545,0.059885752283036706,26,0.9819999933242798,0.9821605682373047,0.9734774231910706,0.9909999966621399,0.9970720410346985,0.9835070371627808,0.9834144711494446,0.9817133545875549,0.985121488571167,0.9982751607894897,0.28933092858186743,0.0008924312601060753,1.0719864040714892e-06,64
32,T-Vem_V-Val_15px_2026-07-22,15,Vembanad,Valsequillo,0.2666297904969812,0.18156792498102375,1,0.938725471496582,0.9377179741859436,0.9533941149711609,0.9225490093231201,0.9785207509994507,0.8935539722442627,0.892723798751831,0.8930943012237549,0.8923536539077759,0.9569681286811829,0.28933092858186743,0.0008924312601060753,1.0719864040714892e-06,64
33,T-Vem_V-Raw_15px_2026-07-22,15,Vembanad,RawaPening,0.05009415967410578,0.10814514749503874,18,0.9640359878540039,0.9649805426597595,0.9411764740943909,0.9900199770927429,0.994255542755127,0.9832581281661987,0.9831544160842896,0.981857180595398,0.9844551086425781,0.9981431365013123,0.28933092858186743,0.0008924312601060753,1.0719864040714892e-06,64
34,T-Vem_V-Win_15px_2026-07-22,15,Vembanad,Winam,0.066781314131463,0.09544774709656563,14,0.970985472202301,0.9710578918457031,0.9691234827041626,0.9729999899864197,0.9913233518600464,0.9767804145812988,0.9766520857810974,0.9748023748397827,0.9785088300704956,0.996741533279419,0.28933092858186743,0.0008924312601060753,1.0719864040714892e-06,64
35,T-Val_V-Har_15px_2026-07-22,15,Valsequillo,Hartbeespoort,0.13530432088123037,0.08767410672973754,5,0.9827755689620972,0.9826818704605103,0.9744848012924194,0.9910179376602173,0.9900587201118469,0.953948974609375,0.9537926316261292,0.9523730874061584,0.9552164673805237,0.9875329732894897,0.24694648069835734,0.003816555624863523,0.0011909616630592517,64
36,T-Val_V-Rod_15px_2026-07-22,15,Valsequillo,Rodman,0.06864353371647935,0.08675635257967539,12,0.9662095904350281,0.9667149186134338,0.9533777236938477,0.980430543422699,0.9963815808296204,0.9767903089523315,0.9766824245452881,0.9740152359008789,0.979364275932312,0.9963096380233765,0.24694648069835734,0.003816555624863523,0.0011909616630592517,64
37,T-Val_V-Mul_15px_2026-07-22,15,Valsequillo,Mula,0.060856872242151666,0.2279054410899468,12,0.921332061290741,0.916538655757904,0.942105233669281,0.8923230171203613,0.9711049795150757,0.979547917842865,0.979530930519104,0.9786388278007507,0.980424702167511,0.9969419240951538,0.24694648069835734,0.003816555624863523,0.0011909616630592517,64
38,T-Val_V-Inl_15px_2026-07-22,15,Valsequillo,Inle,0.09356111112584331,0.07299899852275848,8,0.9789999723434448,0.9791044592857361,0.9742574095726013,0.984000027179718,0.9956850409507751,0.9677339792251587,0.9675443172454834,0.9662642478942871,0.9688277244567871,0.9939448237419128,0.24694648069835734,0.003816555624863523,0.0011909616630592517,64
39,T-Val_V-Vem_15px_2026-07-22,15,Valsequillo,Vembanad,0.05552119168685922,0.05946024963850868,24,0.9775224924087524,0.9777777791023254,0.9677419066429138,0.9880239367485046,0.9978822469711304,0.9816415309906006,0.9815259575843811,0.9804700613021851,0.9825841784477234,0.997613787651062,0.24694648069835734,0.003816555624863523,0.0011909616630592517,64
40,T-Val_V-Raw_15px_2026-07-22,15,Valsequillo,RawaPening,0.058239319981477966,0.1099729151311484,17,0.9615384340286255,0.962493896484375,0.940057098865509,0.9860279560089111,0.9941656589508057,0.9808183312416077,0.9807167053222656,0.9786917567253113,0.9827500581741333,0.9973816871643066,0.24694648069835734,0.003816555624863523,0.0011909616630592517,64
41,T-Val_V-Win_15px_2026-07-22,15,Valsequillo,Winam,0.14737975628778277,0.20766537710793667,3,0.9449725151062012,0.9470644593238831,0.9128015041351318,0.984000027179718,0.9588898420333862,0.9493004083633423,0.9489474296569824,0.9486329555511475,0.9492621421813965,0.985526978969574,0.24694648069835734,0.003816555624863523,0.0011909616630592517,64
42,T-Raw_V-Har_15px_2026-07-22,15,RawaPening,Hartbeespoort,0.08863026506981209,0.07594559204583166,7,0.9788385629653931,0.9786600470542908,0.973346471786499,0.9840319156646729,0.9944329857826233,0.970053493976593,0.9699769020080566,0.9675827026367188,0.9723830223083496,0.994484543800354,0.19268848959379614,0.0010774056979782648,0.002908361191912249,64
43,T-Raw_V-Rod_15px_2026-07-22,15,RawaPening,Rodman,0.03484560803450052,0.13255475734403388,34,0.9564152956008911,0.95706707239151,0.9438629746437073,0.9706457853317261,0.9896281957626343,0.9888019561767578,0.988734245300293,0.9872621893882751,0.9902107119560242,0.999121904373169,0.19268848959379614,0.0010774056979782648,0.002908361191912249,64
44,T-Raw_V-Mul_15px_2026-07-22,15,RawaPening,Mula,0.05452918307225362,0.20270164900649928,11,0.9266409277915955,0.9233871102333069,0.9337410926818848,0.9132602214813232,0.9738166332244873,0.9830788373947144,0.9830732345581055,0.981533408164978,0.9846179485321045,0.9973795413970947,0.19268848959379614,0.0010774056979782648,0.002908361191912249,64
45,T-Raw_V-Inl_15px_2026-07-22,15,RawaPening,Inle,0.06582262768364523,0.053006136413663626,13,0.9835000038146973,0.9837037324905396,0.9717073440551758,0.9959999918937683,0.9980660080909729,0.9785837531089783,0.9784315228462219,0.9781890511512756,0.9786741733551025,0.9968858957290649,0.19268848959379614,0.0010774056979782648,0.002908361191912249,64
46,T-Raw_V-Vem_15px_2026-07-22,15,RawaPening,Vembanad,0.06576165233447898,0.07522453203123737,12,0.9745254516601562,0.9746142625808716,0.9721946120262146,0.9770458936691284,0.9951247572898865,0.9793188571929932,0.9791907668113708,0.9778987169265747,0.9804862141609192,0.9966331720352173,0.19268848959379614,0.0010774056979782648,0.002908361191912249,64
47,T-Raw_V-Val_15px_2026-07-22,15,RawaPening,Valsequillo,0.14704424919238687,0.19850078061515208,2,0.9254902005195618,0.9238476753234863,0.9446721076965332,0.9039215445518494,0.979282021522522,0.9484646320343018,0.9480928778648376,0.9479356408119202,0.9482501149177551,0.986085832118988,0.19268848959379614,0.0010774056979782648,0.002908361191912249,64
48,T-Raw_V-Win_15px_2026-07-22,15,RawaPening,Winam,0.04132021560868866,0.11483837270168096,26,0.965982973575592,0.9660678505897522,0.9641434550285339,0.9679999947547913,0.9886746406555176,0.9867082238197327,0.9866138100624084,0.9862877726554871,0.9869399666786194,0.9989641308784485,0.19268848959379614,0.0010774056979782648,0.002908361191912249,64
49,T-Win_V-Har_15px_2026-07-22,15,Winam,Hartbeespoort,0.14021850819894802,0.10809085572754422,3,0.9729330539703369,0.9727047085762024,0.9674234986305237,0.9780439138412476,0.9881431460380554,0.9504852890968323,0.9501985311508179,0.9509852528572083,0.9494131207466125,0.9875103831291199,0.4802857225639665,0.0005611516415334506,0.0008471801418819979,64
50,T-Win_V-Rod_15px_2026-07-22,15,Winam,Rodman,0.041310448598166925,0.11392791278798947,28,0.9627816081047058,0.9630709290504456,0.9565637111663818,0.9696673154830933,0.9915621280670166,0.9860059022903442,0.9859225153923035,0.9844551086425781,0.9873942732810974,0.9985994100570679,0.4802857225639665,0.0005611516415334506,0.0008471801418819979,64
51,T-Win_V-Mul_15px_2026-07-22,15,Winam,Mula,0.05203201003000079,0.20487130336952486,15,0.9285714030265808,0.9242579340934753,0.9495267868041992,0.9002991318702698,0.9775258302688599,0.9830830097198486,0.9830536246299744,0.9829723834991455,0.983134925365448,0.9978220462799072,0.4802857225639665,0.0005611516415334506,0.0008471801418819979,64
52,T-Win_V-Inl_15px_2026-07-22,15,Winam,Inle,0.05796049142667414,0.06415612982772291,16,0.9789999723434448,0.9791460037231445,0.9723865985870361,0.9860000014305115,0.9966610074043274,0.9799015522003174,0.9797871708869934,0.9782537221908569,0.9813253879547119,0.997711718082428,0.4802857225639665,0.0005611516415334506,0.0008471801418819979,64
53,T-Win_V-Vem_15px_2026-07-22,15,Winam,Vembanad,0.048466471850035775,0.043043867755843165,26,0.9855144619941711,0.9854927659034729,0.9879639148712158,0.9830339550971985,0.9980608820915222,0.9838365316390991,0.9837391376495361,0.9823607206344604,0.985121488571167,0.9984065294265747,0.4802857225639665,0.0005611516415334506,0.0008471801418819979,64
54,T-Win_V-Val_15px_2026-07-22,15,Winam,Valsequillo,0.05612546648293611,0.1511812260301382,14,0.9485294222831726,0.9476830959320068,0.9635258316993713,0.9323529601097107,0.9906420707702637,0.9821399450302124,0.9820408821105957,0.9803370833396912,0.9837506413459778,0.9974042773246765,0.4802857225639665,0.0005611516415334506,0.0008471801418819979,64
55,T-Win_V-Raw_15px_2026-07-22,15,Winam,RawaPening,0.061032170357080535,0.0829750404467101,11,0.969530463218689,0.9701711535453796,0.951102614402771,0.9900199770927429,0.9967066049575806,0.9794059991836548,0.9792407751083374,0.9798080325126648,0.9786741733551025,0.9973810315132141,0.4802857225639665,0.0005611516415334506,0.0008471801418819979,64
