,S1_img_id,S1_time,S2_img_id,S2_time,cloud_perc,date,location
0,COPERNICUS/S1_GRD/S1B_IW_GRDH_1SDV_20190122T033436_20190122T033501_014601_01B34B_BFEF,1548128076000,COPERNICUS/S2_SR_HARMONIZED/20190122T075221_20190122T081410_T35JNM,1548145041000,1.901794,2019-01-22,Hartbeespoort
1,COPERNICUS/S1_GRD/S1A_IW_GRDH_1SDV_20190321T164701_20190321T164726_026438_02F5B7_3F33,1553186821000,COPERNICUS/S2_SR_HARMONIZED/20190321T075619_20190321T081839_T35JNM,1553156840000,0.113062,2019-03-21,Hartbeespoort
2,COPERNICUS/S1_GRD/S1B_IW_GRDH_1SDV_20190510T033436_20190510T033501_016176_01E702_359A,1557459276000,COPERNICUS/S2_SR_HARMONIZED/20190510T075619_20190510T082447_T35JNM,1557476849056,0.13561,2019-05-10,Hartbeespoort
3,COPERNICUS/S1_GRD/S1A_IW_GRDH_1SDV_20190520T164703_20190520T164728_027313_031499_048A,1558370823000,COPERNICUS/S2_SR_HARMONIZED/20190520T080019_20190520T082353_T35JNM,1558340849322,0.000286,2019-05-20,Hartbeespoort
4,COPERNICUS/S1_GRD/S1B_IW_GRDH_1SDV_20190522T033437_20190522T033502_016351_01EC6A_B823,1558496077000,COPERNICUS/S2_SR_HARMONIZED/20190522T074621_20190522T081148_T35JNM,1558513048422,0.001699,2019-05-22,Hartbeespoort
5,COPERNICUS/S1_GRD/S1A_IW_GRDH_1SDV_20190601T164704_20190601T164729_027488_031A0B_816E,1559407624000,COPERNICUS/S2_SR_HARMONIZED/20190601T074611_20190601T080825_T35JNM,1559377047490,0.000283,2019-06-01,Hartbeespoort
6,COPERNICUS/S1_GRD/S1B_IW_GRDH_1SDV_20190709T033440_20190709T033505_017051_020148_20AB,1562643280000,COPERNICUS/S2_SR_HARMONIZED/20190709T075619_20190709T082049_T35JNM,1562660849463,0.006553,2019-07-09,Hartbeespoort
7,COPERNICUS/S1_GRD/S1A_IW_GRDH_1SDV_20190719T164707_20190719T164732_028188_032F2D_B109,1563554827000,COPERNICUS/S2_SR_HARMONIZED/20190719T075619_20190719T082310_T35JNM,1563524849354,0.03071,2019-07-19,Hartbeespoort
8,COPERNICUS/S1_GRD/S1B_IW_GRDH_1SDV_20190721T033441_20190721T033506_017226_02065E_F348,1563680081000,COPERNICUS/S2_SR_HARMONIZED/20190721T074621_20190721T080458_T35JNM,1563697050157,0.015163,2019-07-21,Hartbeespoort
9,COPERNICUS/S1_GRD/S1A_IW_GRDH_1SDV_20190731T164707_20190731T164732_028363_033486_0FA3,1564591627000,COPERNICUS/S2_SR_HARMONIZED/20190731T074621_20190731T080415_T35JNM,1564561049711,0.012385,2019-07-31,Hartbeespoort
10,COPERNICUS/S1_GRD/S1A_IW_GRDH_1SDV_20190917T164710_20190917T164735_029063_034C5C_3208,1568738830000,COPERNICUS/S2_SR_HARMONIZED/20190917T075609_20190917T082612_T35JNM,1568708840068,7.7e-05,2019-09-17,Hartbeespoort
11,COPERNICUS/S1_GRD/S1B_IW_GRDH_1SDV_20190919T033444_20190919T033509_018101_02214C_8C4A,1568864084000,COPERNICUS/S2_SR_HARMONIZED/20190919T074611_20190919T081148_T35JNM,1568881044812,7.6e-05,2019-09-19,Hartbeespoort
12,COPERNICUS/S1_GRD/S1A_IW_GRDH_1SDV_20190929T164711_20190929T164736_029238_035261_5E56,1569775631000,COPERNICUS/S2_SR_HARMONIZED/20190929T074711_20190929T080834_T35JNM,1569745046486,3.658824,2019-09-29,Hartbeespoort
13,COPERNICUS/S1_GRD/S1B_IW_GRDH_1SDV_20191106T033444_20191106T033509_018801_02371B_44D6,1573011284000,COPERNICUS/S2_SR_HARMONIZED/20191106T080029_20191106T082710_T35JNM,1573028841749,9.252012,2019-11-06,Hartbeespoort
14,COPERNICUS/S1_GRD/S1A_IW_GRDH_1SDV_20191128T164710_20191128T164735_030113_0370BB_48BF,1574959630000,COPERNICUS/S2_SR_HARMONIZED/20191128T075251_20191128T081430_T35JNM,1574929044593,3.2e-05,2019-11-28,Hartbeespoort
15,COPERNICUS/S1_GRD/S1B_IW_GRDH_1SDV_20200105T033442_20200105T033507_019676_02530E_2FC1,1578195282000,COPERNICUS/S2_SR_HARMONIZED/20200105T080229_20200105T082018_T35JNM,1578212835592,2.967805,2020-01-05,Hartbeespoort
16,COPERNICUS/S1_GRD/S1A_IW_GRDH_1SDV_20200115T164708_20200115T164733_030813_0388F1_90BD,1579106828000,COPERNICUS/S2_SR_HARMONIZED/20200115T080159_20200115T081804_T35JNM,1579076834889,12.053835,2020-01-15,Hartbeespoort
17,COPERNICUS/S1_GRD/S1B_IW_GRDH_1SDV_20200117T033442_20200117T033507_019851_02589F_CA01,1579232082000,COPERNICUS/S2_SR_HARMONIZED/20200117T075241_20200117T081247_T35JNM,1579249038955,14.213142,2020-01-17,Hartbeespoort
18,COPERNICUS/S1_GRD/S1A_IW_GRDH_1SDV_20200127T164708_20200127T164733_030988_038F1B_BF0B,1580143628000,COPERNICUS/S2_SR_HARMONIZED/20200127T075201_20200127T081349_T35JNM,1580113037968,0.138482,2020-01-27,Hartbeespoort
19,COPERNICUS/S1_GRD/S1B_IW_GRDH_1SDV_20200305T033441_20200305T033506_020551_026F1B_B617,1583379281000,COPERNICUS/S2_SR_HARMONIZED/20200305T075809_20200305T082251_T35JNM,1583396838330,2.218693,2020-03-05,Hartbeespoort
20,COPERNICUS/S1_GRD/S1A_IW_GRDH_1SDV_20200315T164707_20200315T164732_031688_03A758_8BA9,1584290827000,COPERNICUS/S2_SR_HARMONIZED/20200315T075659_20200315T081730_T35JNM,1584260838659,1.936405,2020-03-15,Hartbeespoort
21,COPERNICUS/S1_GRD/S1A_IW_GRDH_1SDV_20200327T164708_20200327T164733_031863_03AD81_DC33,1585327628000,COPERNICUS/S2_SR_HARMONIZED/20200327T074611_20200327T080818_T35JNM,1585297041187,0.160781,2020-03-27,Hartbeespoort
22,COPERNICUS/S1_GRD/S1B_IW_GRDH_1SDV_20200504T033443_20200504T033508_021426_028AD4_F267,1588563283000,COPERNICUS/S2_SR_HARMONIZED/20200504T075609_20200504T082219_T35JNM,1588580837725,0.108848,2020-05-04,Hartbeespoort
23,COPERNICUS/S1_GRD/S1A_IW_GRDH_1SDV_20200514T164710_20200514T164735_032563_03C58A_45BF,1589474830000,COPERNICUS/S2_SR_HARMONIZED/20200514T075609_20200514T082257_T35JNM,1589444839805,0.063009,2020-05-14,Hartbeespoort
24,COPERNICUS/S1_GRD/S1B_IW_GRDH_1SDV_20200516T033443_20200516T033508_021601_029023_74FD,1589600083000,COPERNICUS/S2_SR_HARMONIZED/20200516T074621_20200516T081446_T35JNM,1589617050198,0.000217,2020-05-16,Hartbeespoort
25,COPERNICUS/S1_GRD/S1A_IW_GRDH_1SDV_20200526T164710_20200526T164735_032738_03CAD9_0CD5,1590511630000,COPERNICUS/S2_SR_HARMONIZED/20200526T074621_20200526T080832_T35JNM,1590481051024,4.975552,2020-05-26,Hartbeespoort
26,COPERNICUS/S1_GRD/S1B_IW_GRDH_1SDV_20200703T033446_20200703T033511_022301_02A53F_6FB1,1593747286000,COPERNICUS/S2_SR_HARMONIZED/20200703T075609_20200703T082231_T35JNM,1593764842867,0.161194,2020-07-03,Hartbeespoort
27,COPERNICUS/S1_GRD/S1A_IW_GRDH_1SDV_20200713T164713_20200713T164738_033438_03DFF0_03A6,1594658833000,COPERNICUS/S2_SR_HARMONIZED/20200713T075609_20200713T082205_T35JNM,1594628842169,0.087272,2020-07-13,Hartbeespoort
28,COPERNICUS/S1_GRD/S1B_IW_GRDH_1SDV_20200715T033447_20200715T033512_022476_02AA8C_8244,1594784087000,COPERNICUS/S2_SR_HARMONIZED/20200715T074621_20200715T080806_T35JNM,1594801049683,0.21272,2020-07-15,Hartbeespoort
29,COPERNICUS/S1_GRD/S1A_IW_GRDH_1SDV_20200911T164716_20200911T164741_034313_03FD31_8A05,1599842836000,COPERNICUS/S2_SR_HARMONIZED/20200911T075609_20200911T082123_T35JNM,1599812843024,0.051027,2020-09-11,Hartbeespoort
30,COPERNICUS/S1_GRD/S1B_IW_GRDH_1SDV_20200913T033450_20200913T033515_023351_02C595_C818,1599968090000,COPERNICUS/S2_SR_HARMONIZED/20200913T074621_20200913T081626_T35JNM,1599985049063,0.180312,2020-09-13,Hartbeespoort
31,COPERNICUS/S1_GRD/S1A_IW_GRDH_1SDV_20200923T164717_20200923T164742_034488_040366_DB68,1600879637000,COPERNICUS/S2_SR_HARMONIZED/20200923T074641_20200923T081054_T35JNM,1600849050189,0.002052,2020-09-23,Hartbeespoort
32,COPERNICUS/S1_GRD/S1B_IW_GRDH_1SDV_20201230T033449_20201230T033514_024926_02F750_2BCA,1609299289000,COPERNICUS/S2_SR_HARMONIZED/20201230T080239_20201230T082138_T35JNM,1609316838752,5.558741,2020-12-30,Hartbeespoort
33,COPERNICUS/S1_GRD/S1A_IW_GRDH_1SDV_20210121T164714_20210121T164739_036238_044028_4FCF,1611247634000,COPERNICUS/S2_SR_HARMONIZED/20210121T075231_20210121T081059_T35JNM,1611217045769,12.706411,2021-01-21,Hartbeespoort
34,COPERNICUS/S1_GRD/S1A_IW_GRDH_1SDV_20210310T164713_20210310T164738_036938_045888_19C4,1615394833000,COPERNICUS/S2_SR_HARMONIZED/20210310T075739_20210310T082145_T35JNM,1615364839930,2.299497,2021-03-10,Hartbeespoort
35,COPERNICUS/S1_GRD/S1B_IW_GRDH_1SDV_20210312T033447_20210312T033512_025976_03193C_19DD,1615520087000,COPERNICUS/S2_SR_HARMONIZED/20210312T074721_20210312T081050_T35JNM,1615537044662,3.744677,2021-03-12,Hartbeespoort
36,COPERNICUS/S1_GRD/S1B_IW_GRDH_1SDV_20210429T033448_20210429T033513_026676_032F98_C426,1619667288000,COPERNICUS/S2_SR_HARMONIZED/20210429T075609_20210429T082141_T35JNM,1619684836318,7.8e-05,2021-04-29,Hartbeespoort
37,COPERNICUS/S1_GRD/S1A_IW_GRDH_1SDV_20210509T164715_20210509T164740_037813_04768E_7874,1620578835000,COPERNICUS/S2_SR_HARMONIZED/20210509T075609_20210509T082144_T35JNM,1620548838700,0.000199,2021-05-09,Hartbeespoort
38,COPERNICUS/S1_GRD/S1B_IW_GRDH_1SDV_20210511T033449_20210511T033514_026851_03352F_5A91,1620704089000,COPERNICUS/S2_SR_HARMONIZED/20210511T074611_20210511T081050_T35JNM,1620721044404,7e-05,2021-05-11,Hartbeespoort
39,COPERNICUS/S1_GRD/S1A_IW_GRDH_1SDV_20210521T164716_20210521T164741_037988_047BD5_43D1,1621615636000,COPERNICUS/S2_SR_HARMONIZED/20210521T074611_20210521T081051_T35JNM,1621585045446,0.002457,2021-05-21,Hartbeespoort
40,COPERNICUS/S1_GRD/S1B_IW_GRDH_1SDV_20210628T033452_20210628T033517_027551_0349F6_F3A9,1624851292000,COPERNICUS/S2_SR_HARMONIZED/20210628T075609_20210628T082132_T35JNM,1624868841524,0.001257,2021-06-28,Hartbeespoort
41,COPERNICUS/S1_GRD/S1A_IW_GRDH_1SDV_20210708T164719_20210708T164744_038688_0490C5_7878,1625762839000,COPERNICUS/S2_SR_HARMONIZED/20210708T075609_20210708T082147_T35JNM,1625732842382,0.010008,2021-07-08,Hartbeespoort
42,COPERNICUS/S1_GRD/S1B_IW_GRDH_1SDV_20210710T033452_20210710T033517_027726_034F13_0D96,1625888092000,COPERNICUS/S2_SR_HARMONIZED/20210710T074611_20210710T081053_T35JNM,1625905047962,0.000677,2021-07-10,Hartbeespoort
43,COPERNICUS/S1_GRD/S1A_IW_GRDH_1SDV_20210720T164719_20210720T164744_038863_049605_FB98,1626799639000,COPERNICUS/S2_SR_HARMONIZED/20210720T074621_20210720T081054_T35JNM,1626769048398,10.749984,2021-07-20,Hartbeespoort
44,COPERNICUS/S1_GRD/S1B_IW_GRDH_1SDV_20210827T033455_20210827T033520_028426_036443_A69F,1630035295000,COPERNICUS/S2_SR_HARMONIZED/20210827T075609_20210827T082128_T35JNM,1630052838669,4.659346,2021-08-27,Hartbeespoort
45,COPERNICUS/S1_GRD/S1A_IW_GRDH_1SDV_20210906T164722_20210906T164747_039563_04AD2B_F0D6,1630946842000,COPERNICUS/S2_SR_HARMONIZED/20210906T075609_20210906T081827_T35JNM,1630916837188,0.000191,2021-09-06,Hartbeespoort
46,COPERNICUS/S1_GRD/S1B_IW_GRDH_1SDV_20211107T033456_20211107T033521_029476_038483_59E3,1636256096000,COPERNICUS/S2_SR_HARMONIZED/20211107T075131_20211107T081054_T35JNM,1636273048262,13.453296,2021-11-07,Hartbeespoort
47,COPERNICUS/S1_GRD/S1A_IW_GRDH_1SDV_20211117T164723_20211117T164748_040613_04D16D_91E1,1637167643000,COPERNICUS/S2_SR_HARMONIZED/20211117T075211_20211117T081050_T35JNM,1637137045507,8.977794,2021-11-17,Hartbeespoort
48,COPERNICUS/S1_GRD/S1A_IW_GRDH_1SDV_20220504T164720_20220504T164745_043063_05247B_6622,1651682840000,COPERNICUS/S2_SR_HARMONIZED/20220504T075609_20220504T081906_T35JNM,1651652835932,13.602166,2022-05-04,Hartbeespoort
49,COPERNICUS/S1_GRD/S1A_IW_GRDH_1SDV_20220516T164705_20220516T164730_043238_0529F6_7CE0,1652719625000,COPERNICUS/S2_SR_HARMONIZED/20220516T074621_20220516T081156_T35JNM,1652689049899,8.299405,2022-05-16,Hartbeespoort
50,COPERNICUS/S1_GRD/S1A_IW_GRDH_1SDV_20220703T164708_20220703T164733_043938_053EC0_A591,1656866828000,COPERNICUS/S2_SR_HARMONIZED/20220703T075619_20220703T082133_T35JNM,1656836845734,0.016121,2022-07-03,Hartbeespoort
51,COPERNICUS/S1_GRD/S1A_IW_GRDH_1SDV_20220715T164709_20220715T164734_044113_0543FD_2555,1657903629000,COPERNICUS/S2_SR_HARMONIZED/20220715T074621_20220715T080904_T35JNM,1657873057499,0.001692,2022-07-15,Hartbeespoort
52,COPERNICUS/S1_GRD/S1A_IW_GRDH_1SDV_20220901T164711_20220901T164736_044813_055A18_C754,1662050831000,COPERNICUS/S2_SR_HARMONIZED/20220901T075609_20220901T082129_T35JNM,1662020841852,0.005951,2022-09-01,Hartbeespoort
53,COPERNICUS/S1_GRD/S1A_IW_GRDH_1SDV_20230111T164709_20230111T164734_046738_059A6B_8B8C,1673455629000,COPERNICUS/S2_SR_HARMONIZED/20230111T075301_20230111T081233_T35JNM,1673425043067,0.073979,2023-01-11,Hartbeespoort
54,COPERNICUS/S1_GRD/S1A_IW_GRDH_1SDV_20230228T164708_20230228T164733_047438_05B1FF_6799,1677602828000,COPERNICUS/S2_SR_HARMONIZED/20230228T075849_20230228T081803_T35JNM,1677572841457,0.080924,2023-02-28,Hartbeespoort
55,COPERNICUS/S1_GRD/S1A_IW_GRDH_1SDV_20230312T164708_20230312T164733_047613_05B7E9_B297,1678639628000,COPERNICUS/S2_SR_HARMONIZED/20230312T074711_20230312T081146_T35JNM,1678609041026,4.760206,2023-03-12,Hartbeespoort
56,COPERNICUS/S1_GRD/S1A_IW_GRDH_1SDV_20230429T164709_20230429T164734_048313_05CF80_EF1E,1682786829000,COPERNICUS/S2_SR_HARMONIZED/20230429T075609_20230429T082129_T35JNM,1682756842567,0.004341,2023-04-29,Hartbeespoort
57,COPERNICUS/S1_GRD/S1A_IW_GRDH_1SDV_20230511T164710_20230511T164735_048488_05D52A_6347,1683823630000,COPERNICUS/S2_SR_HARMONIZED/20230511T074611_20230511T081143_T35JNM,1683793044137,0.001238,2023-05-11,Hartbeespoort
58,COPERNICUS/S1_GRD/S1A_IW_GRDH_1SDV_20230827T164716_20230827T164741_050063_06062F_6731,1693154836000,COPERNICUS/S2_SR_HARMONIZED/20230827T075609_20230827T082109_T35JNM,1693124845064,0.563903,2023-08-27,Hartbeespoort
59,COPERNICUS/S1_GRD/S1A_IW_GRDH_1SDV_20240106T164714_20240106T164739_051988_064847_D57F,1704559634000,COPERNICUS/S2_SR_HARMONIZED/20240106T075321_20240106T081238_T35JNM,1704529041205,4.668802,2024-01-06,Hartbeespoort
60,COPERNICUS/S1_GRD/S1A_IW_GRDH_1SDV_20240223T164713_20240223T164738_052688_065FFB_72D6,1708706833000,COPERNICUS/S2_SR_HARMONIZED/20240223T075929_20240223T082123_T35JNM,1708676840836,0.680999,2024-02-23,Hartbeespoort
61,COPERNICUS/S1_GRD/S1A_IW_GRDH_1SDV_20240306T164713_20240306T164738_052863_0665EF_EDB6,1709743633000,COPERNICUS/S2_SR_HARMONIZED/20240306T074801_20240306T081145_T35JNM,1709713045575,0.001742,2024-03-06,Hartbeespoort
62,COPERNICUS/S1_GRD/S1A_IW_GRDH_1SDV_20240423T164714_20240423T164739_053563_06808F_ACBE,1713890834000,COPERNICUS/S2_SR_HARMONIZED/20240423T075609_20240423T082122_T35JNM,1713860840251,0.000128,2024-04-23,Hartbeespoort
63,COPERNICUS/S1_GRD/S1A_IW_GRDH_1SDV_20240505T164715_20240505T164740_053738_068776_E329,1714927635000,COPERNICUS/S2_SR_HARMONIZED/20240505T074611_20240505T081146_T35JNM,1714897047784,0.001839,2024-05-05,Hartbeespoort
64,COPERNICUS/S1_GRD/S1A_IW_GRDH_1SDV_20240622T164713_20240622T164738_054438_069FC5_3116,1719074833000,COPERNICUS/S2_SR_HARMONIZED/20240622T075609_20240622T082125_T35JNM,1719044843209,0.000293,2024-06-22,Hartbeespoort
65,COPERNICUS/S1_GRD/S1A_IW_GRDH_1SDV_20240704T164712_20240704T164737_054613_06A5E0_616F,1720111632000,COPERNICUS/S2_SR_HARMONIZED/20240704T074611_20240704T081136_T35JNM,1720081048588,2.144169,2024-07-04,Hartbeespoort
66,COPERNICUS/S1_GRD/S1A_IW_GRDH_1SDV_20240821T164712_20240821T164737_055313_06BE94_F318,1724258832000,COPERNICUS/S2_SR_HARMONIZED/20240821T075609_20240821T081957_T35JNM,1724228840846,0.009117,2024-08-21,Hartbeespoort
67,COPERNICUS/S1_GRD/S1A_IW_GRDH_1SDV_20240902T164712_20240902T164737_055488_06C514_B0C1,1725295632000,COPERNICUS/S2_SR_HARMONIZED/20240902T074611_20240902T080622_T35JNM,1725265044782,0.001636,2024-09-02,Hartbeespoort
68,COPERNICUS/S1_GRD/S1A_IW_GRDH_1SDV_20241101T164713_20241101T164738_056363_06E7B0_7227,1730479633000,COPERNICUS/S2_SR_HARMONIZED/20241101T075051_20241101T081144_T35JNM,1730449044841,0.000977,2024-11-01,Hartbeespoort
69,COPERNICUS/S1_GRD/S1A_IW_GRDH_1SDV_20250430T164707_20250430T164732_058988_0750C8_4E7C,1746031627000,COPERNICUS/S2_SR_HARMONIZED/20250430T074631_20250430T081032_T35JNM,1746001066923,3.663173,2025-04-30,Hartbeespoort
70,COPERNICUS/S1_GRD/S1A_IW_GRDH_1SDV_20250512T164707_20250512T164732_059163_07574D_9DA7,1747068427000,COPERNICUS/S2_SR_HARMONIZED/20250512T075021_20250512T081357_T35JNM,1747037858539,5.357971,2025-05-12,Hartbeespoort
71,COPERNICUS/S1_GRD/S1A_IW_GRDH_1SDV_20250617T164705_20250617T164730_059688_076967_1679,1750178825000,COPERNICUS/S2_SR_HARMONIZED/20250617T075609_20250617T082531_T35JNM,1750148840389,0.000212,2025-06-17,Hartbeespoort
72,COPERNICUS/S1_GRD/S1A_IW_GRDH_1SDV_20250629T164704_20250629T164729_059863_076F7D_C235,1751215624000,COPERNICUS/S2_SR_HARMONIZED/20250629T074631_20250629T081419_T35JNM,1751185066334,0.012782,2025-06-29,Hartbeespoort
73,COPERNICUS/S1_GRD/S1A_IW_GRDH_1SDV_20250711T164704_20250711T164729_060038_077584_0847,1752252424000,COPERNICUS/S2_SR_HARMONIZED/20250711T075031_20250711T081403_T35JNM,1752221864149,0.044091,2025-07-11,Hartbeespoort
74,COPERNICUS/S1_GRD/S1A_IW_GRDH_1SDV_20250828T164703_20250828T164728_060738_078F3D_DE3C,1756399623000,COPERNICUS/S2_SR_HARMONIZED/20250828T074631_20250828T081417_T35JNM,1756369064180,0.000658,2025-08-28,Hartbeespoort
75,COPERNICUS/S1_GRD/S1A_IW_GRDH_1SDV_20251015T164704_20251015T164729_061438_07AB54_7EB5,1760546824000,COPERNICUS/S2_SR_HARMONIZED/20251015T075819_20251015T082224_T35JNM,1760516840317,18.953529,2025-10-15,Hartbeespoort
76,COPERNICUS/S1_GRD/S1C_IW_GRDH_1SDV_20251017T033433_20251017T033458_004596_00916C_37EF,1760672073000,COPERNICUS/S2_SR_HARMONIZED/20251017T074931_20251017T081408_T35JNM,1760689055693,14.704905,2025-10-17,Hartbeespoort
