,S2_img_id,S2_time,cloud_perc,date,location,S1_img_id,S1_time
0,COPERNICUS/S2_SR_HARMONIZED/20190105T053219_20190105T053603_T43QCA,1546667034000,1.682932,2019-01-05,Mula,,
1,COPERNICUS/S2_SR_HARMONIZED/20190110T053211_20190110T053252_T43QCA,1547099031000,1.880432,2019-01-10,Mula,COPERNICUS/S1_GRD/S1A_IW_GRDH_1SDV_20190110T005458_20190110T005534_025408_02D075_A287,1547081698000.0
2,COPERNICUS/S2_SR_HARMONIZED/20190115T053159_20190115T053503_T43QCA,1547531035768,0.000282,2019-01-15,Mula,,
3,COPERNICUS/S2_SR_HARMONIZED/20190120T053131_20190120T053630_T43QCA,1547963032730,7.3e-05,2019-01-20,Mula,,
4,COPERNICUS/S2_SR_HARMONIZED/20190125T053109_20190125T053305_T43QCA,1548395036000,0.066671,2019-01-25,Mula,,
5,COPERNICUS/S2_SR_HARMONIZED/20190130T053051_20190130T054027_T43QCA,1548827033199,0.000269,2019-01-30,Mula,,
6,COPERNICUS/S2_SR_HARMONIZED/20190204T053029_20190204T053148_T43QCA,1549259036000,8.850602,2019-02-04,Mula,,
7,COPERNICUS/S2_SR_HARMONIZED/20190209T052951_20190209T053532_T43QCA,1549691033000,5.729597,2019-02-09,Mula,,
8,COPERNICUS/S2_SR_HARMONIZED/20190214T052929_20190214T054115_T43QCA,1550123036235,0.0,2019-02-14,Mula,,
9,COPERNICUS/S2_SR_HARMONIZED/20190219T052851_20190219T053948_T43QCA,1550555032564,0.000302,2019-02-19,Mula,,
10,COPERNICUS/S2_SR_HARMONIZED/20190224T052819_20190224T053649_T43QCA,1550987035310,3e-06,2019-02-24,Mula,,
11,COPERNICUS/S2_SR_HARMONIZED/20190301T052741_20190301T054222_T43QCA,1551419031439,0.000232,2019-03-01,Mula,,
12,COPERNICUS/S2_SR_HARMONIZED/20190306T052709_20190306T053522_T43QCA,1551851033000,2.322301,2019-03-06,Mula,,
13,COPERNICUS/S2_SR_HARMONIZED/20190311T052641_20190311T053430_T43QCA,1552283031560,0.000193,2019-03-11,Mula,COPERNICUS/S1_GRD/S1A_IW_GRDH_1SDV_20190311T005457_20190311T005533_026283_02EFF9_F707,1552265697000.0
14,COPERNICUS/S2_SR_HARMONIZED/20190316T052649_20190316T053602_T43QCA,1552715034337,1.7e-05,2019-03-16,Mula,,
15,COPERNICUS/S2_SR_HARMONIZED/20190321T052641_20190321T053954_T43QCA,1553147034274,0.000236,2019-03-21,Mula,,
16,COPERNICUS/S2_SR_HARMONIZED/20190326T052649_20190326T053240_T43QCA,1553579033570,0.001863,2019-03-26,Mula,,
17,COPERNICUS/S2_SR_HARMONIZED/20190326T052649_20190326T054351_T43QCA,1553579040212,0.000147,2019-03-26,Mula,,
18,COPERNICUS/S2_SR_HARMONIZED/20190331T052651_20190331T054003_T43QCA,1554011036458,0.982239,2019-03-31,Mula,,
19,COPERNICUS/S2_SR_HARMONIZED/20190405T052649_20190405T054216_T43QCA,1554443039646,0.000428,2019-04-05,Mula,,
20,COPERNICUS/S2_SR_HARMONIZED/20190410T052651_20190410T054243_T43QCA,1554875038053,3.7e-05,2019-04-10,Mula,,
21,COPERNICUS/S2_SR_HARMONIZED/20190415T052649_20190415T053628_T43QCA,1555307041000,1.820919,2019-04-15,Mula,,
22,COPERNICUS/S2_SR_HARMONIZED/20190420T052651_20190420T053525_T43QCA,1555739039288,0.006684,2019-04-20,Mula,,
23,COPERNICUS/S2_SR_HARMONIZED/20190425T052649_20190425T053709_T43QCA,1556171043259,0.003613,2019-04-25,Mula,,
24,COPERNICUS/S2_SR_HARMONIZED/20190505T052659_20190505T053758_T43QCA,1557035044000,1.52316,2019-05-05,Mula,,
25,COPERNICUS/S2_SR_HARMONIZED/20190510T052651_20190510T053439_T43QCA,1557467040000,1.327019,2019-05-10,Mula,,
26,COPERNICUS/S2_SR_HARMONIZED/20190515T052659_20190515T053718_T43QCA,1557899044907,0.002445,2019-05-15,Mula,,
27,COPERNICUS/S2_SR_HARMONIZED/20190520T052651_20190520T052743_T43QCA,1558331039882,0.005696,2019-05-20,Mula,,
28,COPERNICUS/S2_SR_HARMONIZED/20190525T052659_20190525T053718_T43QCA,1558763044913,0.960249,2019-05-25,Mula,,
29,COPERNICUS/S2_SR_HARMONIZED/20191002T052649_20191002T053801_T43QCA,1569995036928,8.036425,2019-10-02,Mula,,
30,COPERNICUS/S2_SR_HARMONIZED/20191111T053039_20191111T053120_T43QCA,1573451034366,2.005509,2019-11-11,Mula,,
31,COPERNICUS/S2_SR_HARMONIZED/20191116T053111_20191116T053812_T43QCA,1573883038081,2.817973,2019-11-16,Mula,,
32,COPERNICUS/S2_SR_HARMONIZED/20191121T053129_20191121T053334_T43QCA,1574315033776,9.304015,2019-11-21,Mula,,
33,COPERNICUS/S2_SR_HARMONIZED/20191126T053151_20191126T053952_T43QCA,1574747036356,0.85513,2019-11-26,Mula,,
34,COPERNICUS/S2_SR_HARMONIZED/20191206T053211_20191206T053823_T43QCA,1575611033960,9.991971,2019-12-06,Mula,COPERNICUS/S1_GRD/S1B_IW_GRDH_1SDV_20191206T005425_20191206T005450_019237_024524_7785,1575593665000.0
35,COPERNICUS/S2_SR_HARMONIZED/20191211T053219_20191211T053623_T43QCA,1576043030627,3.085645,2019-12-11,Mula,,
36,COPERNICUS/S2_SR_HARMONIZED/20191216T053231_20191216T054120_T43QCA,1576475031003,4.399659,2019-12-16,Mula,,
37,COPERNICUS/S2_SR_HARMONIZED/20191231T053229_20191231T053726_T43QCA,1577771031406,0.001853,2019-12-31,Mula,,
38,COPERNICUS/S2_SR_HARMONIZED/20200115T053151_20200115T054011_T43QCA,1579067030445,0.524168,2020-01-15,Mula,,
39,COPERNICUS/S2_SR_HARMONIZED/20200120T053129_20200120T053410_T43QCA,1579499029976,0.066795,2020-01-20,Mula,,
40,COPERNICUS/S2_SR_HARMONIZED/20200125T053101_20200125T053846_T43QCA,1579931029546,2.961262,2020-01-25,Mula,,
41,COPERNICUS/S2_SR_HARMONIZED/20200130T053049_20200130T053806_T43QCA,1580363028634,7e-06,2020-01-30,Mula,,
42,COPERNICUS/S2_SR_HARMONIZED/20200204T053021_20200204T053431_T43QCA,1580795024970,0.481677,2020-02-04,Mula,,
43,COPERNICUS/S2_SR_HARMONIZED/20200214T052921_20200214T054219_T43QCA,1581659029589,0.002551,2020-02-14,Mula,,
44,COPERNICUS/S2_SR_HARMONIZED/20200219T052849_20200219T053831_T43QCA,1582091032561,0.000233,2020-02-19,Mula,,
45,COPERNICUS/S2_SR_HARMONIZED/20200224T052811_20200224T054233_T43QCA,1582523031132,3.3e-05,2020-02-24,Mula,,
46,COPERNICUS/S2_SR_HARMONIZED/20200229T052739_20200229T053618_T43QCA,1582955033666,0.139216,2020-02-29,Mula,,
47,COPERNICUS/S2_SR_HARMONIZED/20200305T052711_20200305T053544_T43QCA,1583387032108,0.043707,2020-03-05,Mula,COPERNICUS/S1_GRD/S1A_IW_GRDH_1SDV_20200305T005503_20200305T005539_031533_03A1F5_12D6,1583369703000.0
48,COPERNICUS/S2_SR_HARMONIZED/20200315T052641_20200315T053521_T43QCA,1584251032592,0.000103,2020-03-15,Mula,,
49,COPERNICUS/S2_SR_HARMONIZED/20200320T052649_20200320T053338_T43QCA,1584683034312,3.479194,2020-03-20,Mula,,
50,COPERNICUS/S2_SR_HARMONIZED/20200325T052641_20200325T053612_T43QCA,1585115032586,8.398675,2020-03-25,Mula,,
51,COPERNICUS/S2_SR_HARMONIZED/20200330T052649_20200330T054138_T43QCA,1585547033866,0.003008,2020-03-30,Mula,,
52,COPERNICUS/S2_SR_HARMONIZED/20200404T052641_20200404T053351_T43QCA,1585979032651,0.079827,2020-04-04,Mula,,
53,COPERNICUS/S2_SR_HARMONIZED/20200409T052639_20200409T053550_T43QCA,1586411032907,0.000156,2020-04-09,Mula,,
54,COPERNICUS/S2_SR_HARMONIZED/20200414T052651_20200414T053524_T43QCA,1586843035566,0.022375,2020-04-14,Mula,,
55,COPERNICUS/S2_SR_HARMONIZED/20200419T052639_20200419T053639_T43QCA,1587275031383,5.492159,2020-04-19,Mula,,
56,COPERNICUS/S2_SR_HARMONIZED/20200424T052651_20200424T053852_T43QCA,1587707038016,0.157881,2020-04-24,Mula,,
57,COPERNICUS/S2_SR_HARMONIZED/20200429T052639_20200429T053741_T43QCA,1588139032107,2.989942,2020-04-29,Mula,,
58,COPERNICUS/S2_SR_HARMONIZED/20200504T052651_20200504T053442_T43QCA,1588571039892,7e-06,2020-05-04,Mula,COPERNICUS/S1_GRD/S1A_IW_GRDH_1SDV_20200504T005458_20200504T005523_032408_03C0A7_AC57,1588553698000.0
59,COPERNICUS/S2_SR_HARMONIZED/20200509T052649_20200509T053704_T43QCA,1589003034461,3e-06,2020-05-09,Mula,,
60,COPERNICUS/S2_SR_HARMONIZED/20200514T052651_20200514T053617_T43QCA,1589435041275,0.13987,2020-05-14,Mula,,
61,COPERNICUS/S2_SR_HARMONIZED/20200524T052651_20200524T053821_T43QCA,1590299042195,1.029525,2020-05-24,Mula,,
62,COPERNICUS/S2_SR_HARMONIZED/20201031T052951_20201031T053450_T43QCA,1604123041446,0.013039,2020-10-31,Mula,COPERNICUS/S1_GRD/S1A_IW_GRDH_1SDV_20201031T005511_20201031T005536_035033_041642_619A,1604105711000.0
63,COPERNICUS/S2_SR_HARMONIZED/20201105T053019_20201105T053704_T43QCA,1604555038532,0.0001,2020-11-05,Mula,,
64,COPERNICUS/S2_SR_HARMONIZED/20201110T053041_20201110T053044_T43QCA,1604987040473,0.16432,2020-11-10,Mula,,
65,COPERNICUS/S2_SR_HARMONIZED/20201115T053109_20201115T053930_T43QCA,1605419037181,0.951628,2020-11-15,Mula,,
66,COPERNICUS/S2_SR_HARMONIZED/20201125T053149_20201125T054255_T43QCA,1606283036476,0.000133,2020-11-25,Mula,,
67,COPERNICUS/S2_SR_HARMONIZED/20201130T053201_20201130T053200_T43QCA,1606715036312,4.438009,2020-11-30,Mula,,
68,COPERNICUS/S2_SR_HARMONIZED/20201205T053209_20201205T054258_T43QCA,1607147034921,0.002665,2020-12-05,Mula,,
69,COPERNICUS/S2_SR_HARMONIZED/20201210T053221_20201210T053220_T43QCA,1607579032858,0.661638,2020-12-10,Mula,,
70,COPERNICUS/S2_SR_HARMONIZED/20201220T053231_20201220T053233_T43QCA,1608443034798,0.001049,2020-12-20,Mula,,
71,COPERNICUS/S2_SR_HARMONIZED/20201225T053229_20201225T053231_T43QCA,1608875033460,0.227679,2020-12-25,Mula,,
72,COPERNICUS/S2_SR_HARMONIZED/20201230T053231_20201230T054259_T43QCA,1609307036310,0.0001,2020-12-30,Mula,COPERNICUS/S1_GRD/S1A_IW_GRDH_1SDV_20201230T005509_20201230T005534_035908_04349E_7131,1609289709000.0
73,COPERNICUS/S2_SR_HARMONIZED/20210119T053141_20210119T053141_T43QCA,1611035037148,7.572237,2021-01-19,Mula,,
74,COPERNICUS/S2_SR_HARMONIZED/20210124T053109_20210124T054131_T43QCA,1611467036220,7.6e-05,2021-01-24,Mula,,
75,COPERNICUS/S2_SR_HARMONIZED/20210129T053101_20210129T053728_T43QCA,1611899036633,0.116698,2021-01-29,Mula,,
76,COPERNICUS/S2_SR_HARMONIZED/20210203T053029_20210203T053744_T43QCA,1612331035808,7.3e-05,2021-02-03,Mula,,
77,COPERNICUS/S2_SR_HARMONIZED/20210208T053001_20210208T053618_T43QCA,1612763035423,0.010232,2021-02-08,Mula,,
78,COPERNICUS/S2_SR_HARMONIZED/20210213T052929_20210213T053443_T43QCA,1613195034758,8.3e-05,2021-02-13,Mula,,
79,COPERNICUS/S2_SR_HARMONIZED/20210218T052851_20210218T053346_T43QCA,1613627035611,1.47398,2021-02-18,Mula,,
80,COPERNICUS/S2_SR_HARMONIZED/20210223T052819_20210223T053251_T43QCA,1614059034544,0.028786,2021-02-23,Mula,,
81,COPERNICUS/S2_SR_HARMONIZED/20210228T052751_20210228T054143_T43QCA,1614491036201,1.7e-05,2021-02-28,Mula,COPERNICUS/S1_GRD/S1A_IW_GRDH_1SDV_20210228T005507_20210228T005532_036783_04530C_3293,1614473707000.0
82,COPERNICUS/S2_SR_HARMONIZED/20210305T052709_20210305T054113_T43QCA,1614923035428,0.000139,2021-03-05,Mula,,
83,COPERNICUS/S2_SR_HARMONIZED/20210310T052651_20210310T054056_T43QCA,1615355036065,0.681395,2021-03-10,Mula,,
84,COPERNICUS/S2_SR_HARMONIZED/20210315T052649_20210315T053959_T43QCA,1615787035673,0.751427,2021-03-15,Mula,,
85,COPERNICUS/S2_SR_HARMONIZED/20210320T052651_20210320T053615_T43QCA,1616219035302,2.2187,2021-03-20,Mula,,
86,COPERNICUS/S2_SR_HARMONIZED/20210325T052649_20210325T054135_T43QCA,1616651035222,0.01948,2021-03-25,Mula,,
87,COPERNICUS/S2_SR_HARMONIZED/20210330T052641_20210330T053823_T43QCA,1617083033875,0.112187,2021-03-30,Mula,,
88,COPERNICUS/S2_SR_HARMONIZED/20210404T052649_20210404T054159_T43QCA,1617515034106,0.024513,2021-04-04,Mula,,
89,COPERNICUS/S2_SR_HARMONIZED/20210409T052641_20210409T054038_T43QCA,1617947031776,3.715398,2021-04-09,Mula,,
90,COPERNICUS/S2_SR_HARMONIZED/20210419T052641_20210419T053454_T43QCA,1618811031175,0.004228,2021-04-19,Mula,,
91,COPERNICUS/S2_SR_HARMONIZED/20210424T052639_20210424T053255_T43QCA,1619243030809,3.005951,2021-04-24,Mula,,
92,COPERNICUS/S2_SR_HARMONIZED/20210429T052641_20210429T053913_T43QCA,1619675033642,0.119878,2021-04-29,Mula,COPERNICUS/S1_GRD/S1A_IW_GRDH_1SDV_20210429T005509_20210429T005534_037658_047168_B057,1619657709000.0
93,COPERNICUS/S2_SR_HARMONIZED/20210504T052639_20210504T053127_T43QCA,1620107029576,0.327698,2021-05-04,Mula,,
94,COPERNICUS/S2_SR_HARMONIZED/20210504T052639_20210504T054347_T43QCA,1620107036213,0.240948,2021-05-04,Mula,,
95,COPERNICUS/S2_SR_HARMONIZED/20211016T052821_20211016T053827_T43QCA,1634363041766,7.884229,2021-10-16,Mula,,
96,COPERNICUS/S2_SR_HARMONIZED/20211021T052849_20211021T053924_T43QCA,1634795037893,0.61825,2021-10-21,Mula,,
97,COPERNICUS/S2_SR_HARMONIZED/20211026T052921_20211026T053326_T43QCA,1635227041389,0.431655,2021-10-26,Mula,COPERNICUS/S1_GRD/S1A_IW_GRDH_1SDV_20211026T005517_20211026T005542_040283_04C5EA_9EBC,1635209717000.0
98,COPERNICUS/S2_SR_HARMONIZED/20211031T052949_20211031T053532_T43QCA,1635659037568,0.06777,2021-10-31,Mula,,
99,COPERNICUS/S2_SR_HARMONIZED/20211110T053039_20211110T053814_T43QCA,1636523036111,6.650343,2021-11-10,Mula,,
100,COPERNICUS/S2_SR_HARMONIZED/20211205T053211_20211205T054341_T43QCA,1638683035582,7.774179,2021-12-05,Mula,,
101,COPERNICUS/S2_SR_HARMONIZED/20211210T053219_20211210T054322_T43QCA,1639115030950,0.877061,2021-12-10,Mula,,
102,COPERNICUS/S2_SR_HARMONIZED/20211220T053229_20211220T053229_T43QCA,1639979030780,0.000129,2021-12-20,Mula,,
103,COPERNICUS/S2_SR_HARMONIZED/20211225T053241_20211225T054315_T43QCA,1640411037747,6.156093,2021-12-25,Mula,,
104,COPERNICUS/S2_SR_HARMONIZED/20220119T053139_20220119T054240_T43QCA,1642571031551,0.000256,2022-01-19,Mula,,
105,COPERNICUS/S2_SR_HARMONIZED/20220124T053111_20220124T053112_T43QCA,1643003036403,1.363509,2022-01-24,Mula,,
106,COPERNICUS/S2_SR_HARMONIZED/20220129T053049_20220129T053901_T43QCA,1643435030275,0.000488,2022-01-29,Mula,,
107,COPERNICUS/S2_SR_HARMONIZED/20220203T053031_20220203T053029_T43QCA,1643867036244,0.299222,2022-02-03,Mula,,
108,COPERNICUS/S2_SR_HARMONIZED/20220208T052959_20220208T054123_T43QCA,1644299030688,2.769754,2022-02-08,Mula,,
109,COPERNICUS/S2_SR_HARMONIZED/20220213T052931_20220213T054153_T43QCA,1644731036120,0.000315,2022-02-13,Mula,,
110,COPERNICUS/S2_SR_HARMONIZED/20220218T052849_20220218T053644_T43QCA,1645163029885,0.000721,2022-02-18,Mula,,
111,COPERNICUS/S2_SR_HARMONIZED/20220223T052831_20220223T054048_T43QCA,1645595038678,7e-05,2022-02-23,Mula,COPERNICUS/S1_GRD/S1A_IW_GRDH_1SDV_20220223T005513_20220223T005538_042033_0501C5_CCE1,1645577713000.0
112,COPERNICUS/S2_SR_HARMONIZED/20220228T052749_20220228T054031_T43QCA,1646027032564,0.000275,2022-02-28,Mula,,
113,COPERNICUS/S2_SR_HARMONIZED/20220305T052721_20220305T054013_T43QCA,1646459040029,0.003408,2022-03-05,Mula,,
114,COPERNICUS/S2_SR_HARMONIZED/20220315T052651_20220315T053616_T43QCA,1647323040161,0.000186,2022-03-15,Mula,,
115,COPERNICUS/S2_SR_HARMONIZED/20220330T052639_20220330T053927_T43QCA,1648619032941,0.000654,2022-03-30,Mula,,
116,COPERNICUS/S2_SR_HARMONIZED/20220429T052639_20220429T054147_T43QCA,1651211029260,6.720655,2022-04-29,Mula,,
117,COPERNICUS/S2_SR_HARMONIZED/20220504T052651_20220504T053849_T43QCA,1651643041190,4.689294,2022-05-04,Mula,,
118,COPERNICUS/S2_SR_HARMONIZED/20220514T052651_20220514T054148_T43QCA,1652507040254,2.008361,2022-05-14,Mula,,
119,COPERNICUS/S2_SR_HARMONIZED/20220603T052651_20220603T053917_T43QCA,1654235044239,5.127824,2022-06-03,Mula,,
120,COPERNICUS/S2_SR_HARMONIZED/20221026T052909_20221026T053726_T43QCA,1666763035529,0.042799,2022-10-26,Mula,,
121,COPERNICUS/S2_SR_HARMONIZED/20221031T052951_20221031T053909_T43QCA,1667195040232,0.623635,2022-10-31,Mula,,
122,COPERNICUS/S2_SR_HARMONIZED/20221105T053009_20221105T053943_T43QCA,1667627034335,0.078237,2022-11-05,Mula,,
123,COPERNICUS/S2_SR_HARMONIZED/20221110T053041_20221110T054156_T43QCA,1668059040010,0.000136,2022-11-10,Mula,,
124,COPERNICUS/S2_SR_HARMONIZED/20221115T053059_20221115T054216_T43QCA,1668491036013,0.163807,2022-11-15,Mula,,
125,COPERNICUS/S2_SR_HARMONIZED/20221120T053121_20221120T054345_T43QCA,1668923037681,0.761581,2022-11-20,Mula,,
126,COPERNICUS/S2_SR_HARMONIZED/20221130T053201_20221130T053159_T43QCA,1669787036405,0.007728,2022-11-30,Mula,,
127,COPERNICUS/S2_SR_HARMONIZED/20221205T053209_20221205T053210_T43QCA,1670219033606,0.746328,2022-12-05,Mula,,
128,COPERNICUS/S2_SR_HARMONIZED/20221210T053221_20221210T053224_T43QCA,1670651036773,0.006205,2022-12-10,Mula,,
129,COPERNICUS/S2_SR_HARMONIZED/20221220T053231_20221220T053233_T43QCA,1671515034791,0.000173,2022-12-20,Mula,COPERNICUS/S1_GRD/S1A_IW_GRDH_1SDV_20221220T005525_20221220T005550_046408_058F3B_F47D,1671497725000.0
130,COPERNICUS/S2_SR_HARMONIZED/20221225T053239_20221225T053233_T43QCA,1671947035635,4.3e-05,2022-12-25,Mula,,
131,COPERNICUS/S2_SR_HARMONIZED/20221230T053231_20221230T053230_T43QCA,1672379035187,0.018397,2022-12-30,Mula,,
132,COPERNICUS/S2_SR_HARMONIZED/20230104T053219_20230104T053222_T43QCA,1672811034554,0.024203,2023-01-04,Mula,,
133,COPERNICUS/S2_SR_HARMONIZED/20230109T053221_20230109T053215_T43QCA,1673243034459,0.004304,2023-01-09,Mula,,
134,COPERNICUS/S2_SR_HARMONIZED/20230114T053159_20230114T053155_T43QCA,1673675032265,0.000847,2023-01-14,Mula,,
135,COPERNICUS/S2_SR_HARMONIZED/20230119T053141_20230119T053136_T43QCA,1674107031154,0.000229,2023-01-19,Mula,,
136,COPERNICUS/S2_SR_HARMONIZED/20230124T053109_20230124T054253_T43QCA,1674539034338,0.005638,2023-01-24,Mula,,
137,COPERNICUS/S2_SR_HARMONIZED/20230129T053101_20230129T054249_T43QCA,1674971034291,6.102788,2023-01-29,Mula,,
138,COPERNICUS/S2_SR_HARMONIZED/20230203T053029_20230203T053321_T43QCA,1675403030729,0.000105,2023-02-03,Mula,,
139,COPERNICUS/S2_SR_HARMONIZED/20230213T052929_20230213T054022_T43QCA,1676267034842,0.037685,2023-02-13,Mula,,
140,COPERNICUS/S2_SR_HARMONIZED/20230218T052901_20230218T053651_T43QCA,1676699033149,0.965453,2023-02-18,Mula,COPERNICUS/S1_GRD/S1A_IW_GRDH_1SDV_20230218T005522_20230218T005547_047283_05ACB0_EB55,1676681722000.0
141,COPERNICUS/S2_SR_HARMONIZED/20230223T052829_20230223T053419_T43QCA,1677131036439,0.000398,2023-02-23,Mula,,
142,COPERNICUS/S2_SR_HARMONIZED/20230228T052751_20230228T053351_T43QCA,1677563033830,0.000372,2023-02-28,Mula,,
143,COPERNICUS/S2_SR_HARMONIZED/20230305T052719_20230305T053523_T43QCA,1677995038807,0.006238,2023-03-05,Mula,,
144,COPERNICUS/S2_SR_HARMONIZED/20230310T052641_20230310T054201_T43QCA,1678427031243,6.653646,2023-03-10,Mula,,
145,COPERNICUS/S2_SR_HARMONIZED/20230320T052641_20230320T054146_T43QCA,1679291034663,2.306916,2023-03-20,Mula,,
146,COPERNICUS/S2_SR_HARMONIZED/20230325T052649_20230325T054150_T43QCA,1679723038853,0.29867,2023-03-25,Mula,,
147,COPERNICUS/S2_SR_HARMONIZED/20230404T052649_20230404T054151_T43QCA,1680587039429,0.000126,2023-04-04,Mula,,
148,COPERNICUS/S2_SR_HARMONIZED/20230419T052641_20230419T053754_T43QCA,1681883035164,0.000133,2023-04-19,Mula,,
149,COPERNICUS/S2_SR_HARMONIZED/20230424T052649_20230424T054146_T43QCA,1682315038351,0.25778,2023-04-24,Mula,,
150,COPERNICUS/S2_SR_HARMONIZED/20230514T052649_20230514T054151_T43QCA,1684043039856,0.005013,2023-05-14,Mula,,
151,COPERNICUS/S2_SR_HARMONIZED/20230519T052651_20230519T053751_T43QCA,1684475038428,0.000255,2023-05-19,Mula,,
152,COPERNICUS/S2_SR_HARMONIZED/20230524T052649_20230524T054141_T43QCA,1684907041221,0.763299,2023-05-24,Mula,,
153,COPERNICUS/S2_SR_HARMONIZED/20230529T052651_20230529T053918_T43QCA,1685339040091,0.013109,2023-05-29,Mula,,
154,COPERNICUS/S2_SR_HARMONIZED/20231011T052739_20231011T054344_T43QCA,1697003038104,4.536085,2023-10-11,Mula,,
155,COPERNICUS/S2_SR_HARMONIZED/20231026T052911_20231026T054150_T43QCA,1698299036364,3.108012,2023-10-26,Mula,,
156,COPERNICUS/S2_SR_HARMONIZED/20231031T052949_20231031T053846_T43QCA,1698731038646,5.553419,2023-10-31,Mula,,
157,COPERNICUS/S2_SR_HARMONIZED/20231115T053101_20231115T054326_T43QCA,1700027034874,1.191719,2023-11-15,Mula,,
158,COPERNICUS/S2_SR_HARMONIZED/20231120T053109_20231120T054335_T43QCA,1700459033369,9.206992,2023-11-20,Mula,,
159,COPERNICUS/S2_SR_HARMONIZED/20231210T053219_20231210T053918_T43QCA,1702187032591,0.039697,2023-12-10,Mula,,
160,COPERNICUS/S2_SR_HARMONIZED/20231215T053231_20231215T053226_T43QCA,1702619032208,0.008064,2023-12-15,Mula,,
161,COPERNICUS/S2_SR_HARMONIZED/20231225T053231_20231225T053231_T43QCA,1703483033164,8.089535,2023-12-25,Mula,,
162,COPERNICUS/S2_SR_HARMONIZED/20231230T053229_20231230T053232_T43QCA,1703915037524,3.087037,2023-12-30,Mula,,
163,COPERNICUS/S2_SR_HARMONIZED/20240104T053221_20240104T053220_T43QCA,1704347032915,3.754334,2024-01-04,Mula,,
164,COPERNICUS/S2_SR_HARMONIZED/20240114T053201_20240114T053155_T43QCA,1705211029830,0.051579,2024-01-14,Mula,,
165,COPERNICUS/S2_SR_HARMONIZED/20240119T053149_20240119T054312_T43QCA,1705643035616,0.021741,2024-01-19,Mula,,
166,COPERNICUS/S2_SR_HARMONIZED/20240203T053031_20240203T054257_T43QCA,1706939032146,0.000478,2024-02-03,Mula,,
167,COPERNICUS/S2_SR_HARMONIZED/20240218T052909_20240218T053641_T43QCA,1708235037390,0.00062,2024-02-18,Mula,,
168,COPERNICUS/S2_SR_HARMONIZED/20240223T052831_20240223T053517_T43QCA,1708667034341,0.000498,2024-02-23,Mula,,
169,COPERNICUS/S2_SR_HARMONIZED/20240228T052749_20240228T053352_T43QCA,1709099034880,0.000123,2024-02-28,Mula,,
170,COPERNICUS/S2_SR_HARMONIZED/20240304T052721_20240304T053524_T43QCA,1709531036801,6e-05,2024-03-04,Mula,,
171,COPERNICUS/S2_SR_HARMONIZED/20240309T052639_20240309T054156_T43QCA,1709963031361,0.000209,2024-03-09,Mula,,
172,COPERNICUS/S2_SR_HARMONIZED/20240314T052641_20240314T053947_T43QCA,1710395036084,8e-05,2024-03-14,Mula,,
173,COPERNICUS/S2_SR_HARMONIZED/20240319T052649_20240319T054135_T43QCA,1710827035859,0.000116,2024-03-19,Mula,,
174,COPERNICUS/S2_SR_HARMONIZED/20240403T052641_20240403T054039_T43QCA,1712123034065,2.152629,2024-04-03,Mula,,
175,COPERNICUS/S2_SR_HARMONIZED/20240408T052649_20240408T053621_T43QCA,1712555035512,0.016417,2024-04-08,Mula,,
176,COPERNICUS/S2_SR_HARMONIZED/20240413T052651_20240413T053638_T43QCA,1712987038036,7e-05,2024-04-13,Mula,COPERNICUS/S1_GRD/S1A_IW_GRDH_1SDV_20240413T005527_20240413T005552_053408_067A70_D9C3,1712969727000.0
177,COPERNICUS/S2_SR_HARMONIZED/20240423T052651_20240423T054254_T43QCA,1713851039224,0.06285,2024-04-23,Mula,,
178,COPERNICUS/S2_SR_HARMONIZED/20240428T052649_20240428T054131_T43QCA,1714283035613,0.000106,2024-04-28,Mula,,
179,COPERNICUS/S2_SR_HARMONIZED/20240503T052651_20240503T053613_T43QCA,1714715039190,0.000206,2024-05-03,Mula,,
180,COPERNICUS/S2_SR_HARMONIZED/20240508T052649_20240508T054137_T43QCA,1715147037135,1.041242,2024-05-08,Mula,,
181,COPERNICUS/S2_SR_HARMONIZED/20240513T052651_20240513T054237_T43QCA,1715579039463,1.560728,2024-05-13,Mula,,
182,COPERNICUS/S2_SR_HARMONIZED/20240518T052649_20240518T053910_T43QCA,1716011034715,1.475064,2024-05-18,Mula,,
183,COPERNICUS/S2_SR_HARMONIZED/20241030T052941_20241030T053441_T43QCA,1730267036851,0.232073,2024-10-30,Mula,,
184,COPERNICUS/S2_SR_HARMONIZED/20241104T052919_20241104T053630_T43QCA,1730699033131,3.644193,2024-11-04,Mula,,
185,COPERNICUS/S2_SR_HARMONIZED/20241109T053031_20241109T054300_T43QCA,1731131033706,1.281748,2024-11-09,Mula,,
186,COPERNICUS/S2_SR_HARMONIZED/20241114T052959_20241114T053733_T43QCA,1731563032163,5.654856,2024-11-14,Mula,,
187,COPERNICUS/S2_SR_HARMONIZED/20241119T053111_20241119T054341_T43QCA,1731995036064,7e-05,2024-11-19,Mula,,
188,COPERNICUS/S2_SR_HARMONIZED/20241129T053201_20241129T053157_T43QCA,1732859034998,0.000212,2024-11-29,Mula,,
189,COPERNICUS/S2_SR_HARMONIZED/20241214T053139_20241214T053359_T43QCA,1734155037610,0.055133,2024-12-14,Mula,,
190,COPERNICUS/S2_SR_HARMONIZED/20241219T053231_20241219T053758_T43QCA,1734587035345,0.279492,2024-12-19,Mula,,
191,COPERNICUS/S2_SR_HARMONIZED/20241229T053231_20241229T053232_T43QCA,1735451037308,3.888738,2024-12-29,Mula,,
192,COPERNICUS/S2_SR_HARMONIZED/20250103T053129_20250103T054245_T43QCA,1735883036333,0.976018,2025-01-03,Mula,,
193,COPERNICUS/S2_SR_HARMONIZED/20250113T053209_20250113T053803_T43QCA,1736747035624,1.489253,2025-01-13,Mula,,
194,COPERNICUS/S2_SR_HARMONIZED/20250118T053141_20250118T053348_T43QCA,1737179035001,0.000481,2025-01-18,Mula,,
195,COPERNICUS/S2_SR_HARMONIZED/20250123T053029_20250123T053836_T43QCA,1737611037873,0.000392,2025-01-23,Mula,,
196,COPERNICUS/S2_SR_HARMONIZED/20250207T053031_20250207T053735_T43QCA,1738907063048,0.000451,2025-02-07,Mula,COPERNICUS/S1_GRD/S1A_IW_GRDH_1SDV_20250207T005521_20250207T005546_057783_071FFC_4D84,1738889721000.0
197,COPERNICUS/S2_SR_HARMONIZED/20250212T052839_20250212T054343_T43QCA,1739339039999,0.000252,2025-02-12,Mula,,
198,COPERNICUS/S2_SR_HARMONIZED/20250217T052931_20250217T054154_T43QCA,1739771059238,0.000119,2025-02-17,Mula,,
199,COPERNICUS/S2_SR_HARMONIZED/20250222T052739_20250222T054100_T43QCA,1740203040810,0.000468,2025-02-22,Mula,,
200,COPERNICUS/S2_SR_HARMONIZED/20250227T052821_20250227T053844_T43QCA,1740635060551,0.59265,2025-02-27,Mula,,
201,COPERNICUS/S2_SR_HARMONIZED/20250304T052649_20250304T054049_T43QCA,1741067039499,8.939488,2025-03-04,Mula,,
202,COPERNICUS/S2_SR_HARMONIZED/20250309T052711_20250309T053627_T43QCA,1741499060049,0.000179,2025-03-09,Mula,,
203,COPERNICUS/S2_SR_HARMONIZED/20250314T052649_20250314T054014_T43QCA,1741931038025,0.000153,2025-03-14,Mula,,
204,COPERNICUS/S2_SR_HARMONIZED/20250319T052711_20250319T053558_T43QCA,1742363059974,0.288896,2025-03-19,Mula,,
205,COPERNICUS/S2_SR_HARMONIZED/20250324T052649_20250324T054002_T43QCA,1742795039314,0.000597,2025-03-24,Mula,,
206,COPERNICUS/S2_SR_HARMONIZED/20250403T052649_20250403T053649_T43QCA,1743659035003,6.762158,2025-04-03,Mula,,
207,COPERNICUS/S2_SR_HARMONIZED/20250408T052711_20250408T054024_T43QCA,1744091059305,0.015358,2025-04-08,Mula,COPERNICUS/S1_GRD/S1A_IW_GRDH_1SDV_20250408T005521_20250408T005546_058658_074344_4267,1744073721000.0
208,COPERNICUS/S2_SR_HARMONIZED/20250413T052649_20250413T054315_T43QCA,1744523039014,0.000322,2025-04-13,Mula,,
209,COPERNICUS/S2_SR_HARMONIZED/20250418T052711_20250418T054131_T43QCA,1744955057039,0.000461,2025-04-18,Mula,,
210,COPERNICUS/S2_SR_HARMONIZED/20250420T053241_20250420T054128_T43QCA,1745127849700,0.000212,2025-04-20,Mula,COPERNICUS/S1_GRD/S1A_IW_GRDH_1SDV_20250420T005521_20250420T005546_058833_074A6E_C2D9,1745110521000.0
211,COPERNICUS/S2_SR_HARMONIZED/20250428T052711_20250428T054310_T43QCA,1745819058432,0.000494,2025-04-28,Mula,,
212,COPERNICUS/S2_SR_HARMONIZED/20250503T052649_20250503T054312_T43QCA,1746251038345,4.671582,2025-05-03,Mula,,
213,COPERNICUS/S2_SR_HARMONIZED/20250510T053241_20250510T054119_T43QCA,1746855848963,7.99757,2025-05-10,Mula,,
214,COPERNICUS/S2_SR_HARMONIZED/20251017T053241_20251017T054345_T43QCA,1760679850312,3.315356,2025-10-17,Mula,COPERNICUS/S1_GRD/S1A_IW_GRDH_1SDV_20251017T005519_20251017T005544_061458_07AC11_FEA6,1760662519000.0
215,COPERNICUS/S2_SR_HARMONIZED/20251020T052749_20251020T054119_T43QCA,1760939036477,0.003816,2025-10-20,Mula,,
216,COPERNICUS/S2_SR_HARMONIZED/20251109T052939_20251109T054120_T43QCA,1762667032239,0.000325,2025-11-09,Mula,,
217,COPERNICUS/S2_SR_HARMONIZED/20251114T053111_20251114T054318_T43QCA,1763099045674,0.000421,2025-11-14,Mula,,
218,COPERNICUS/S2_SR_HARMONIZED/20251119T053029_20251119T053830_T43QCA,1763531031709,0.001441,2025-11-19,Mula,,
219,COPERNICUS/S2_SR_HARMONIZED/20251126T053251_20251126T053911_T43QCA,1764135853486,1.289514,2025-11-26,Mula,,
220,COPERNICUS/S2_SR_HARMONIZED/20251204T053221_20251204T053220_T43QCA,1764827043541,0.521591,2025-12-04,Mula,COPERNICUS/S1_GRD/S1A_IW_GRDH_1SDV_20251204T005516_20251204T005541_062158_07C793_EDFA,1764809716000.0
221,COPERNICUS/S2_SR_HARMONIZED/20251209T053129_20251209T053610_T43QCA,1765259033611,0.097102,2025-12-09,Mula,,
222,COPERNICUS/S2_SR_HARMONIZED/20251214T053241_20251214T053239_T43QCA,1765691044581,0.000176,2025-12-14,Mula,,
223,COPERNICUS/S2_SR_HARMONIZED/20251216T053251_20251216T054351_T43QCA,1765863851534,0.00544,2025-12-16,Mula,COPERNICUS/S1_GRD/S1A_IW_GRDH_1SDV_20251216T005515_20251216T005540_062333_07CE6C_0A1A,1765846515000.0
224,COPERNICUS/S2_SR_HARMONIZED/20251219T053139_20251219T054217_T43QCA,1766123034337,1.692683,2025-12-19,Mula,,
225,COPERNICUS/S2_SR_HARMONIZED/20251229T053139_20251229T054023_T43QCA,1766987035670,0.026055,2025-12-29,Mula,,
