,Unnamed: 0,B11,B12,B2,B3,B4,B5,B6,B7,B8,B8A,lat,lc,location,lon,obs_date,NDVI,NDWI,MNDWI,GNDVI,NDCI,NDMI,NDBI,NDAVI,RR1,EVI,SAVI,DVI,OSAVI,AWEI,SABI,BSI
0,0,2263,927,310,862,318,1386,5704,7039,7056,7080,18.506497944390695,1.0,mula,74.00703918666893,2025-04-20,0.9137510170870626,-0.7822682495579691,-0.44832,0.7822682495579691,0.23309608540925267,0.5143255714132418,-0.5143255714132418,0.9158294868313874,0.6267605633802817,2.536897590361446,1.3705335954979998,6194,0.9137311910780347,-4956.25,5.749146757679181,-0.48104956268221577
1,1,2134,893,324,800,375,1295,5177,6425,6420,6506,18.505126223810706,1.0,mula,74.0141504749389,2025-04-20,0.8896247240618101,-0.778393351800554,-0.4546693933197001,0.778393351800554,0.23627684964200477,0.5010521393500117,-0.5010521393500117,0.9039145907473309,0.5508982035928144,2.4214869411953215,1.3343389007431388,5620,0.8896037768058441,-4328.25,5.378113879003559,-0.45768939803307035
2,2,2035,861,292,716,355,1215,5013,6072,6113,6217,18.502960349210714,1.0,mula,74.01743538474888,2025-04-20,0.8902288188002474,-0.7903060477375897,-0.47946201381315884,0.7903060477375897,0.25841532884515794,0.5004909180166912,-0.5004909180166912,0.9088212334113973,0.5477707006369427,2.3777667657746946,1.3352400092757208,5397,0.8902067976055015,-4250.25,5.712301587301587,-0.4565093803297328
3,3,2118,957,321,780,342,1381,5571,6472,6347,6753,18.516280478000645,1.0,mula,73.992383435209,2025-04-20,0.8977425624159067,-0.7811140732425985,-0.4616977225672878,0.7811140732425985,0.2781119851920407,0.49958653278204374,-0.49958653278204374,0.9037192561487702,0.6030179918746372,2.505214851898206,1.3465131923163165,5567,0.8977210890455602,-4311.75,5.454132606721163,-0.4609991235758107
4,4,2223,1014,319,878,406,1402,5240,6419,6321,6591,18.5060286715607,1.0,mula,73.99848398199897,2025-04-20,0.8792924037460979,-0.7560772329490207,-0.4337310544985489,0.7560772329490207,0.22982456140350876,0.47963483146067415,-0.47963483146067415,0.9039156626506024,0.5508849557522124,2.3230696724530673,1.318840579710145,5443,0.8792714904952461,-3886.5,4.941520467836257,-0.4327327651310821
5,5,2227,1036,272,848,372,1352,4892,5955,6485,6095,18.511696043430668,1.0,mula,73.99263612057901,2025-04-20,0.8914977395362403,-0.7687167598527206,-0.4484552845528455,0.7687167598527206,0.2290909090909091,0.4887511478420569,-0.4887511478420569,0.9194908983276602,0.568445475638051,2.2884845762204256,1.3371491068173533,5637,0.8914769379743217,-4254.0,5.458035714285714,-0.4444206926036768
6,6,2409,1428,542,840,996,1278,2210,2508,2451,2895,18.51082008390428,0.0,mula,74.0043031263687,2025-04-20,0.4221061792863359,-0.48951686417502277,-0.48291782086795937,0.48951686417502277,0.20679886685552407,0.008641975308641974,-0.008641975308641974,0.637821583695289,0.12401055408970976,0.8337153334861335,0.6330674401740392,1611,0.4220865872196243,2222.0,1.052821997105644,0.06439512347608628
7,7,1723,835,261,748,313,1172,3999,5075,5156,4961,18.52750639104947,1.0,mula,73.98524590497568,2025-04-20,0.8855366611812031,-0.7466124661246613,-0.39457709429380816,0.7466124661246613,0.22083333333333333,0.4990550952173281,-0.4990550952173281,0.9036366992800443,0.5784511784511784,2.384539635647464,1.3281835633970198,4408,0.8855107548508363,-3227.25,4.799801783944499,-0.45364282839125186
8,8,1768,903,460,1146,612,1931,4579,5172,5220,5367,18.525764558812657,1.0,mula,73.98810057447491,2025-04-20,0.7901234567901234,-0.6399622997172478,-0.213452299245024,0.6399622997172478,0.2551186220344491,0.4939896966227819,-0.4939896966227819,0.8380281690140845,0.5186787259142744,2.116479882417784,1.1850835833690527,4074,0.7901017804724151,-2078.75,2.8692403486924034,-0.4094292803970223
9,9,2112,993,344,860,467,1469,5147,6114,6104,6297,18.52491299638577,1.0,mula,73.98848764830531,2025-04-20,0.8578602952366459,-0.7530155083285468,-0.42126514131897713,0.7530155083285468,0.2614856161442679,0.48588120740019475,-0.48588120740019475,0.8933002481389578,0.5175619834710744,2.2273589378852536,1.2866925359506962,5244,0.8578394073496917,-3742.25,4.681893687707642,-0.42860307964993904
10,10,1821,966,308,794,448,1244,4087,5047,5924,5199,18.524150215972437,1.0,mula,73.99069083902891,2025-04-20,0.8593848085373509,-0.7636201250372134,-0.3927342256214149,0.7636201250372134,0.22080471050049066,0.5297611362169141,-0.5297611362169141,0.9011553273427471,0.47044917257683216,2.1719815960653657,1.288976069046685,5130,0.8593632300507207,-4103.0,4.969147005444646,-0.46618044935889896
11,11,3495,2553,902,1198,1704,2078,2061,2167,2204,2390,18.513688786870297,0.0,mula,74.00687286641144,2025-04-20,0.12794268167860798,-0.29570840681951793,-0.48945237587896867,0.29570840681951793,0.2686202686202686,-0.22653097034567468,0.22653097034567468,0.4191886670959433,0.09888947646747752,0.22069209039548024,0.19188947166432135,1006,0.12793744370752477,5195.25,0.23809523809523808,0.25201685731487056
12,12,1299,1082,397,548,830,944,943,943,951,1143,18.508864498182167,0.0,mula,74.02016728027719,2025-04-20,0.06793935991016282,-0.2688458972648432,-0.4066053059014618,0.2688458972648432,0.26541554959785524,-0.15466666666666667,0.15466666666666667,0.41097922848664686,0.06426155580608793,0.10238619055677779,0.10188043783328656,403,0.06793325697859821,2018.5,0.12804232804232804,0.22461892436008052
13,13,1437,1160,389,552,788,922,1009,1173,1081,1315,18.49925274743712,0.0,mula,74.00746209251075,2025-04-20,0.15676832530765114,-0.323943661971831,-0.444947209653092,0.323943661971831,0.2510176390773406,-0.14138204924543288,0.14138204924543288,0.4707482993197279,0.0783625730994152,0.25324114088159033,0.23508959614870287,529,0.15675490594705643,2013.0,0.31137088204038255,0.20433017591339647
14,14,378,291,333,526,316,574,368,418,369,345,18.501462345309545,0.0,mula,74.01825229545443,2025-04-20,0.07737226277372262,0.17541899441340783,0.16371681415929204,-0.17541899441340783,0.04363636363636364,-0.012048192771084338,0.012048192771084338,0.05128205128205128,0.2898876404494382,-0.5723542116630669,0.11597374179431072,-157,0.07735419464066788,1588.75,0.06169965075669383,-0.0057306590257879654
15,15,397,325,242,410,278,526,340,356,340,360,18.497043149564693,0.0,mula,74.02156669226306,2025-04-20,0.10032362459546926,0.09333333333333334,0.0161090458488228,-0.09333333333333334,0.12393162393162394,-0.0773405698778833,0.0773405698778833,0.16838487972508592,0.30845771144278605,0.7989690721649484,0.15036378334680678,-70,0.10029765756438463,1271.25,0.0950920245398773,0.07398568019093078
16,16,844,433,276,475,259,648,1246,1716,672,1311,18.506139327472845,0.0,mula,74.00569441421281,2025-04-20,0.44360902255639095,-0.17175239755884916,-0.27975739196360877,0.17175239755884916,0.15405164737310775,-0.11345646437994723,0.11345646437994723,0.4177215189873418,0.4288864388092613,6.576433121019108,0.6650563607085347,197,0.44353279780059285,1613.25,0.5499334221038615,0.07557289127254997
17,17,532,357,278,461,312,517,627,693,702,674,18.506323460628877,0.0,mula,74.03559763875296,2025-04-20,0.38461538461538464,-0.20722269991401548,-0.07150050352467271,0.20722269991401548,0.05725971370143149,0.13776337115072934,-0.13776337115072934,0.4326530612244898,0.24728588661037396,1.989795918367347,0.5766387382947264,241,0.3845547053719334,1086.25,0.5277401894451962,-0.07456140350877193
18,18,3449,2516,1120,1676,2442,2748,3112,3270,3319,3676,18.5017569583592,0.0,mula,74.00109108531193,2025-04-20,0.1522305155354973,-0.32892892892892894,-0.3459512195121951,0.32892892892892894,0.2423146473779385,-0.0192080378250591,0.0192080378250591,0.4953818427573778,0.058959537572254334,0.22905348934391975,0.228325956782088,1643,0.15222628776149247,4876.0,0.3136623748211731,0.14056147144240078
19,19,501,343,193,360,236,480,459,477,478,288,18.507354606302677,0.0,mula,73.99442546506346,2025-04-20,0.3389355742296919,-0.14081145584725538,-0.16376306620209058,0.14081145584725538,0.14285714285714285,-0.02349336057201226,0.02349336057201226,0.4247391952309985,0.3407821229050279,1.3519553072625698,0.5080475857242828,118,0.3388596392965162,1041.75,0.4376130198915009,0.046875
20,20,1436,771,257,435,342,853,2166,2380,1150,2891,18.507361059338333,0.0,mula,73.9955098558775,2025-04-20,0.5415549597855228,-0.45110410094637227,-0.5350080171031534,0.45110410094637227,0.3245341614906832,-0.1105955143078113,0.1105955143078113,0.6346837242359631,0.4276150627615063,1.5836926695413565,0.8120603015075376,715,0.5414968904138966,1580.75,1.1676300578034682,0.11648351648351649
21,21,756,430,243,478,307,625,829,1210,1286,950,18.511080990285127,0.0,mula,73.99232001509063,2025-04-20,0.6145637162586315,-0.4580498866213152,-0.2252836304700162,0.4580498866213152,0.13327289211242066,0.2595494613124388,-0.2595494613124388,0.6821451929365598,0.34120171673819744,1.8733256792958286,0.9215563225604017,808,0.6145019960330412,535.5,1.3578363384188628,-0.17978395061728394
22,22,2708,2372,1760,2142,2444,2349,2310,2471,2747,2611,18.51070899719045,0.0,mula,73.9906088468551,2025-04-20,0.05837025621267578,-0.123747187563919,-0.11670103092783506,0.123747187563919,0.04609218436873747,0.007149404216315307,-0.007149404216315307,0.21899267805635678,-0.019820571667014397,0.17984330484330485,0.08754695174804969,605,0.058368457146379615,6463.5,0.07765248590466428,0.06677709907857957
23,23,1901,1471,539,766,1050,1268,1610,1860,1550,1856,18.51090894347884,0.0,mula,73.99414743116823,2025-04-20,0.19230769230769232,-0.3385146804835924,-0.4255718035245594,0.3385146804835924,0.24680432645034414,-0.10170964937699217,0.10170964937699217,0.48396361895643847,0.09404659188955997,0.32821320729946174,0.28840607575466254,784,0.1922958587163867,2612.75,0.3831417624521073,0.17103174603174603
24,24,2284,1426,434,910,593,1442,3351,3931,4083,3981,18.514506677133262,0.0,mula,73.98884555897205,2025-04-20,0.7463644140290847,-0.6354896855597837,-0.43018159048215404,0.6354896855597837,0.2261904761904762,0.28255065179833516,-0.28255065179833516,0.8078370599955723,0.4171990171990172,1.9888306359699113,1.1194269218432589,3173,0.7463388763429823,-346.0,2.5967261904761907,-0.2218014606437652
25,25,2284,973,343,836,362,1399,5523,6812,6766,6945,18.507349943122975,1.0,mula,73.99993376333599,2025-04-20,0.8984287317620651,-0.7800578795053933,-0.4641025641025641,0.7800578795053933,0.2519015659955257,0.4952486187845304,-0.4952486187845304,0.9035026023350682,0.588869960249858,2.5147255163747744,1.3475485726309884,5930,0.8984085654642994,-4533.25,5.431721798134012,-0.4575089697590979
26,26,2086,949,317,924,400,1489,4947,5761,5744,5944,18.505932907384423,1.0,mula,73.99930269478845,2025-04-20,0.8697916666666666,-0.7228554289142172,-0.386046511627907,0.7228554289142172,0.23414836303356817,0.46717752234993615,-0.46717752234993615,0.8953967992080515,0.5764955002646903,2.316428261811877,1.3045813328993408,4820,0.8697690164318638,-3097.25,4.306204673650282,-0.41827541827541825
27,27,1713,890,480,904,606,1245,3505,4671,3684,4564,18.506552501958364,1.0,mula,74.00050746201556,2025-04-20,0.7174825174825175,-0.6059285091543156,-0.3091325945739396,0.6059285091543156,0.15867845509539322,0.36520289049471927,-0.36520289049471927,0.7694524495677233,0.34521880064829824,2.067992475141091,1.0760983568348679,2780,0.7174557592257632,-439.0,2.2239884393063583,-0.28459046737621474
28,28,2151,1678,608,814,1054,1264,1845,1984,1587,2189,18.504231639510156,0.0,mula,74.04151129461552,2025-04-20,0.20181749337372207,-0.32194918783840065,-0.4509274873524452,0.32194918783840065,0.2165543792107796,-0.1508828250401284,0.1508828250401284,0.4460136674259681,0.090595340811044,0.3975238663484487,0.3026689381033504,773,0.20180526738251375,3069.5,0.3748241912798875,0.18703703703703703
29,29,1719,1423,424,588,846,1190,1438,1593,1322,1741,18.52042310123532,0.0,mula,74.02267032097168,2025-04-20,0.21955719557195572,-0.3842931937172775,-0.49024707412223667,0.3842931937172775,0.33858267716535434,-0.13054916146004603,0.13054916146004603,0.5143184421534936,0.16895874263261296,0.36968002485243867,0.32925985704403965,734,0.21954099328462845,2133.75,0.47035573122529645,0.18997912317327767
30,30,1919,1105,506,934,728,1525,2971,3232,3239,3340,18.507617126961783,0.0,mula,74.0418056848287,2025-04-20,0.6329720191580539,-0.5523604121734963,-0.34525061338941465,0.5523604121734963,0.24034160227734852,0.25591314462970144,-0.25591314462970144,0.7297730307076101,0.35375055481580114,1.6463414634146343,0.9493383742911152,2305,0.632946490688553,584.75,1.74375,-0.17177722152690864
31,31,1964,1574,678,952,1190,1392,1722,1827,1750,1900,18.49252962853606,0.0,mula,74.03930336801663,2025-04-20,0.19047619047619047,-0.29533678756476683,-0.34705075445816186,0.29533678756476683,0.18771331058020477,-0.057619816908992996,0.057619816908992996,0.4415156507413509,0.07823392718822618,0.3678402522333158,0.2856657031117157,798,0.19046582498911624,2985.5,0.34355828220858897,0.13006091006807596
32,32,2177,1746,714,942,1378,1558,1775,1865,1946,1936,18.51379932143866,0.0,mula,73.983737215278,2025-04-20,0.17087845968712395,-0.3476454293628809,-0.39596024366784227,0.3476454293628809,0.2464,-0.05602716468590832,0.05602716468590832,0.4631578947368421,0.06130790190735695,0.29218106995884774,0.2562791397202587,1004,0.1708702348864074,2979.0,0.34299516908212563,0.14400643604183427
33,33,2826,2286,902,1214,1582,1786,1838,2028,2078,2114,18.52638450305231,0.0,mula,74.04254166036166,2025-04-20,0.1355191256830601,-0.2624544349939247,-0.39900990099009903,0.2624544349939247,0.19066666666666668,-0.15252854812398042,0.15252854812398042,0.3946308724832215,0.060570071258907364,0.25801081980857266,0.20325092200519054,864,0.13551320160867286,4487.5,0.23440453686200377,0.19328641039523553
34,34,1811,1225,476,891,738,1204,2339,2700,2843,3024,18.52351419847376,0.0,mula,74.02333269895135,2025-04-20,0.5878246299916224,-0.5227637921799678,-0.3404885270170244,0.5227637921799678,0.14940334128878283,0.22174473571121617,-0.22174473571121617,0.7131666164507382,0.2399588053553038,1.4215289032955158,0.8816138489459724,1952,0.5877983670095723,849.25,1.5398683247988296,-0.13122017723244717
35,35,3035,2766,1714,2026,2410,2842,2776,2802,2565,2740,18.49532633556132,0.0,mula,74.00552209105368,2025-04-20,0.031155778894472363,-0.11740361576998476,-0.19936771389053548,0.11740361576998476,0.1676253081347576,-0.08392857142857142,0.08392857142857142,0.19887824258004205,0.08225437928408226,0.09290338048429633,0.04672897196261682,539,0.03115477693179717,6792.5,0.04144385026737968,0.11990950226244344
36,36,1128,478,285,532,258,1000,2689,3017,2994,3263,-7.291698774014248,1.0,rawapening,110.430237407084,2025-04-29,0.8413284132841329,-0.6982416335791265,-0.35903614457831323,0.6982416335791265,0.30548302872062666,0.45269286754002913,-0.45269286754002913,0.8261665141811528,0.589825119236884,2.8434836832259407,1.2617986164488855,2462,0.8412870215487553,-1303.5,3.3488372093023258,-0.4057877813504823
37,37,1513,678,230,532,251,1017,3286,3749,3764,4111,-7.28707859374682,1.0,rawapening,110.44853905139917,2025-04-29,0.8749688667496887,-0.7523277467411545,-0.4797066014669927,0.7523277467411545,0.3131052291801162,0.42656812582906956,-0.42656812582906956,0.8848272408612919,0.6041009463722398,2.4767343485617594,1.3122898767276803,3232,0.8749340001394714,-1986.0,4.610236220472441,-0.3872872525182355
38,38,1179,492,258,494,234,940,2861,3184,2941,3431,-7.297178522703524,1.0,rawapening,110.4452440391154,2025-04-29,0.8525984251968504,-0.712372634643377,-0.40944411237298267,0.712372634643377,0.3110181311018131,0.42766990291262136,-0.42766990291262136,0.8386995936230072,0.6013628620102215,2.8069265864786397,1.278696268304204,2447,0.8525554617720053,-1273.0,3.5997340425531914,-0.38725065047701646
39,39,1379,545,286,546,249,1027,3471,4088,4096,4454,-7.292594157787006,1.0,rawapening,110.41827507987996,2025-04-29,0.885385500575374,-0.7647565704437742,-0.43272727272727274,0.7647565704437742,0.30578512396694213,0.49625570776255706,-0.49625570776255706,0.8694659972615244,0.609717868338558,2.7909170052234473,1.327925440110459,3550,0.8853528983972972,-2560.75,4.623798076923077,-0.4582362728785358
40,40,1551,608,276,602,284,1124,3626,4301,4312,4705,-7.275279448204642,1.0,rawapening,110.43875721383364,2025-04-29,0.876414273281114,-0.7549857549857549,-0.4407803065490014,0.7549857549857549,0.30243337195828507,0.4709193245778612,-0.4709193245778612,0.8796861377506539,0.5965909090909091,2.551304788446922,1.314478407483955,3710,0.8763837638376384,-2512.5,4.587699316628702,-0.4286159115678032
41,41,1402,580,267,536,239,1061,3234,3752,3721,4070,-7.2809992471742495,1.0,rawapening,110.45078648176974,2025-04-29,0.8792929292929293,-0.7481794691097017,-0.44685242518059853,0.7481794691097017,0.3287413901064496,0.45266445442123754,-0.45266445442123754,0.866098294884654,0.6323076923076923,2.7604249246868555,1.3187728822118419,3185,0.879257403741263,-2016.5,4.336239103362391,-0.41694794812577723
42,42,852,382,210,428,225,778,1936,2226,2294,2374,-7.2861883431466765,1.0,rawapening,110.45043267977162,2025-04-29,0.8213576816196904,-0.6855253490080823,-0.33125,0.6855253490080823,0.2902155887230514,0.45835982199618563,-0.45835982199618563,0.8322683706070287,0.551345962113659,2.4987922705314007,1.2317920222266323,1866,0.8213055145365916,-978.5,3.24294670846395,-0.39849204132923766
43,43,927,415,247,489,247,830,2392,2544,2525,2699,-7.308124067030121,1.0,rawapening,110.43810857683712,2025-04-29,0.8217893217893217,-0.6755142667551427,-0.3093220338983051,0.6755142667551427,0.2585291887793783,0.46292004634994205,-0.46292004634994205,0.8217893217893217,0.5413184772516249,2.6420784040825795,1.2324616771866546,2036,0.8217418907999539,-1031.25,3.095108695652174,-0.40496705524581855
44,44,32,27,209,260,169,238,109,103,84,70,-7.302606487591009,0.0,rawapening,110.43254785520752,2025-04-29,-0.3359683794466403,0.5116279069767442,0.7808219178082192,-0.5116279069767442,-0.04417670682730924,0.4482758620689655,-0.4482758620689655,-0.42662116040955633,0.16953316953316952,0.45357524012806827,-0.5029585798816568,-176,-0.33575604360878497,774.25,-0.1812366737739872,-0.1862348178137652
45,45,853,1021,2346,1894,1894,891,863,846,2009,804,-7.306759006870544,0.0,rawapening,110.42771061200423,2025-04-29,0.02946451447604407,-0.02946451447604407,0.37895886421550784,0.02946451447604407,-0.36014362657091564,0.40391334730957373,-0.40391334730957373,-0.07738231917336395,-0.36014362657091564,-0.06811182184316512,0.04419111054182144,115,0.029463306654095658,5091.75,0.027122641509433963,-0.22641509433962265
46,46,39,37,213,252,169,233,117,104,84,69,-7.287662490293899,0.0,rawapening,110.420661912492,2025-04-29,-0.3359683794466403,0.5,0.7319587628865979,-0.5,-0.03917525773195876,0.36585365853658536,-0.36585365853658536,-0.43434343434343436,0.15920398009950248,0.4262788365095286,-0.5029585798816568,-168,-0.33575604360878497,766.25,-0.1827956989247312,-0.17623762376237623
47,47,799,557,568,846,914,1154,1303,1390,1148,1294,-7.276904142785744,0.0,rawapening,110.45439113557602,2025-04-29,0.11348205625606207,-0.1514543630892678,0.02857142857142857,0.1514543630892678,0.154,0.17925012840267077,-0.17925012840267077,0.337995337995338,0.11605415860735009,0.24652338811630847,0.17018181818181818,302,0.11347325134810103,2020.25,0.16548797736916548,-0.0008748906386701663
48,48,1749,994,384,582,474,1070,2216,2637,2567,2871,-7.292638779337169,0.0,rawapening,110.40786294650984,2025-04-29,0.6882604406445249,-0.6303588440774849,-0.5006435006435006,0.6303588440774849,0.29539951573849876,0.18952734012974976,-0.18952734012974976,0.7397492375465944,0.3860103626943005,2.0665481832543446,1.0322209436133487,1985,0.6882242302279393,363.5,2.1666666666666665,-0.1407035175879397
49,49,1228,748,508,679,742,1037,1234,1335,1259,1410,-7.30235152718171,0.0,rawapening,110.4574949179494,2025-04-29,0.25837081459270367,-0.29927760577915374,-0.2878867330886209,0.29927760577915374,0.20862470862470864,0.012464817048652996,-0.012464817048652996,0.4250141482739106,0.16582349634626195,0.6795478443743428,0.38745940544591556,580,0.25835015690899277,1972.0,0.43555181128896375,0.05432164838105432
50,50,2211,961,277,486,246,784,3147,3988,4289,4495,-7.313766310808399,0.0,rawapening,110.42033615422848,2025-04-29,0.891510474090408,-0.7964397905759162,-0.639599555061179,0.7964397905759162,0.2346456692913386,0.3196923076923077,-0.3196923076923077,0.8786684187472624,0.5223300970873787,2.740273824047716,1.3371182890530262,3803,0.8914790216883197,-1865.25,5.2988204456094365,-0.30029901751388294
51,51,1137,687,339,556,513,834,1287,1451,1814,1579,-7.310612025090201,0.0,rawapening,110.45329151353896,2025-04-29,0.5590889557370005,-0.5308016877637131,-0.3431777909037212,0.5308016877637131,0.2,0.22941375804811928,-0.22941375804811928,0.6850905712958663,0.2383073496659243,1.3837481386938948,0.838453276047261,1258,0.5590505165093934,541.75,1.4536312849162012,-0.13226400210360242
52,52,2018,916,252,517,230,900,3566,4357,4088,4643,-7.255870348562233,0.0,rawapening,110.43409499302646,2025-04-29,0.8934691987031033,-0.7754614549402823,-0.5921104536489152,0.7754614549402823,0.2702893436838391,0.33901080904028824,-0.33901080904028824,0.8838709677419355,0.5929203539823009,2.694886839899413,1.340048627995832,3571,0.8934360931507864,-1789.5,5.016905071521457,-0.3175470552519733
53,53,56,41,178,259,158,223,129,177,111,140,-7.273743918572688,0.0,rawapening,110.4418582608088,2025-04-29,-0.17472118959107807,0.4,0.6444444444444445,-0.4,-0.07468879668049792,0.32934131736526945,-0.32934131736526945,-0.23183391003460208,0.17060367454068243,0.42727272727272725,-0.26159554730983303,-148,-0.1746173279833556,732.75,-0.10755148741418764,-0.14910536779324055
54,54,482,219,189,324,196,505,1050,1276,1165,1339,-7.279077502992097,0.0,rawapening,110.44930510529404,2025-04-29,0.7119764878765613,-0.564808596373405,-0.19602977667493796,0.564808596373405,0.218335343787696,0.4146933819064967,-0.4146933819064967,0.7208271787296898,0.44079885877318115,2.6203353163872363,1.0675725302974661,841,0.7118927973199329,-80.25,1.8888888888888888,-0.33267716535433073
55,55,268,109,198,298,166,334,500,564,605,566,-7.279069881353581,,rawapening,110.44917017581308,2025-04-29,0.569390402075227,-0.3399778516057586,0.053003533568904596,0.3399778516057586,0.056962025316455694,0.38602520045819017,-0.38602520045819017,0.5068493150684932,0.336,9.38034188034188,0.8535320803629294,307,0.5692722651589813,410.25,0.8850806451612904,-0.29830234438156833
56,56,2627,2283,432,545,816,1146,1424,1664,1454,1870,-7.281452339741841,0.0,rawapening,110.4553957426479,2025-04-29,0.28105726872246695,-0.4547273636818409,-0.6563682219419924,0.4547273636818409,0.35541099940863397,-0.287429551580495,0.287429551580495,0.5418875927889714,0.16819571865443425,0.5126968820315012,0.4214930632019379,909,0.2810374599147197,2983.25,0.6530194472876152,0.2921748920998311
57,57,53,32,176,241,159,224,104,151,87,110,-7.284195685642408,0.0,rawapening,110.44913108708391,2025-04-29,-0.2926829268292683,0.4695121951219512,0.6394557823129252,-0.4695121951219512,-0.03655913978494624,0.24285714285714285,-0.24285714285714285,-0.33840304182509506,0.16971279373368145,0.6474820143884892,-0.4381338742393509,-154,-0.29249268768280795,719.5,-0.17266187050359713,-0.10736842105263159
58,58,111,54,171,166,128,226,304,301,178,293,-7.290156428693468,0.0,rawapening,110.41424963223643,2025-04-29,0.16339869281045752,-0.03488372093023256,0.19855595667870035,0.03488372093023256,0.15306122448979592,0.23183391003460208,-0.23183391003460208,0.02005730659025788,0.2768361581920904,-0.37257824143070045,0.24469820554649266,12,0.16331330023517113,472.0,0.14836795252225518,-0.1870748299319728
59,59,584,480,452,469,680,513,658,724,913,741,-7.289182454470264,0.0,rawapening,110.41897881818689,2025-04-29,0.14626490897677338,-0.32127351664254705,-0.10921177587844255,0.32127351664254705,0.04480651731160896,0.21977287909151635,-0.21977287909151635,0.33772893772893775,-0.1399832355406538,0.36315461346633415,0.21932852212111703,444,0.1462502196891712,1011.0,0.252985884907709,-0.038417649296310384
60,60,251,125,188,271,157,388,820,1042,879,1024,-7.290286291923225,,rawapening,110.41431456385132,2025-04-29,0.696911196911197,-0.528695652173913,0.038314176245210725,0.528695652173913,0.17754172989377845,0.5557522123893806,-0.5557522123893806,0.647610121836926,0.42385321100917434,4.381067961165049,1.044862518089725,608,0.6968035824583075,-107.75,1.5729847494553377,-0.44677966101694916
61,61,1040,477,279,549,254,1074,3016,3315,3374,3493,-7.286585189875051,1.0,rawapening,110.4179399123488,2025-04-29,0.8599779492833517,-0.7201121590619424,-0.30899937067337946,0.7201121590619424,0.3234750462107209,0.5287720888083371,-0.5287720888083371,0.84724883657268,0.6174698795180723,2.7792624265098875,1.2897891690781313,2825,0.8599400246957135,-1968.75,3.7681159420289854,-0.47685465938952903
62,62,1233,571,302,566,240,965,2617,2893,2989,3009,-7.286282175672277,1.0,rawapening,110.41393579609785,2025-04-29,0.8513471663053577,-0.6815752461322082,-0.3707615341856587,0.6815752461322082,0.2606139777922926,0.4159166271909048,-0.4159166271909048,0.8164691583105439,0.6016597510373444,3.174364896073903,1.276823037621923,2423,0.8513049833393205,-1059.75,3.1670506912442398,-0.38161209068010077
63,63,782,335,249,396,236,719,1806,2113,1549,2213,-7.296286927383902,1.0,rawapening,110.43083179006015,2025-04-29,0.7355742296918768,-0.59280205655527,-0.32767402376910015,0.59280205655527,0.2896860986547085,0.32904332904332906,-0.32904332904332906,0.7230255839822024,0.5057591623036649,2.988165680473373,1.103052366283954,1153,0.7355083017768715,4.75,2.0356589147286823,-0.27698863636363635
64,64,1516,579,247,697,246,1391,4262,4994,4724,5285,-25.741242394800636,1.0,hartbeesport,27.859761384089197,2025-12-09,0.9010060362173038,-0.7428518723482752,-0.3700858563036602,0.7428518723482752,0.33237547892720304,0.514102564102564,-0.514102564102564,0.9006236169784751,0.6994502138057422,2.5744509601011845,1.3513731012976562,4027,0.9009770309205337,-2967.25,4.74364406779661,-0.47660775285905244
65,65,1483,558,255,682,258,1368,4218,4909,4928,5160,-25.745151664277607,1.0,hartbeesport,27.849511145605085,2025-12-09,0.9005013497878904,-0.7568627450980392,-0.3699769053117783,0.7568627450980392,0.33463414634146343,0.5373576665106847,-0.5373576665106847,0.901601389156859,0.6826568265682657,2.5577828896921897,1.350621806613323,4246,0.9004735681120521,-3347.0,4.983991462113127,-0.4971114962449451
66,66,1227,474,265,646,253,1219,3683,4023,3768,4213,-25.74728473205852,1.0,hartbeesport,27.866537839385973,2025-12-09,0.8741606565530963,-0.7072949705482555,-0.31019754404698346,0.7072949705482555,0.30723860589812335,0.5087087087087087,-0.5087087087087087,0.868584180510786,0.65625,2.663282315502349,1.3110779559865722,3122,0.8741258741258742,-2050.0,3.858397365532382,-0.46308724832214765
67,67,102,82,190,173,124,135,112,156,134,133,-25.746449607306,0.0,hartbeesport,27.86806354806847,2025-12-09,0.03875968992248062,0.1270358306188925,0.2581818181818182,-0.1270358306188925,-0.12337662337662338,0.13559322033898305,-0.13559322033898305,-0.1728395061728395,0.04247104247104247,-0.04578754578754579,0.05802707930367505,-39,0.03873566780291292,554.0,0.027548209366391185,-0.1781818181818182
68,68,129,83,155,173,112,118,165,103,244,211,-25.74547797177662,0.0,hartbeesport,27.863574752523657,2025-12-09,0.3707865168539326,-0.17026378896882494,0.1456953642384106,0.17026378896882494,-0.18900343642611683,0.30831099195710454,-0.30831099195710454,0.22305764411027568,0.02608695652173913,-1.3441955193482689,0.5553997194950911,71,0.37061994609164417,394.25,0.4024390243902439,-0.246875
69,69,864,353,289,630,254,971,2853,3170,4388,3520,-25.748633779735673,1.0,hartbeesport,27.869894398487464,2025-12-09,0.8905644118914261,-0.7489039457951375,-0.1566265060240964,0.7489039457951375,0.21299188007495315,0.670982482863671,-0.670982482863671,0.876416506307462,0.5853061224489796,2.75931117340809,1.335702746365105,3758,0.8905337170627466,-3510.25,4.498367791077258,-0.6141501294219155
70,70,89,60,126,140,91,89,59,70,85,77,-25.755908209237816,0.0,hartbeesport,27.818423205807917,2025-12-09,-0.03409090909090909,0.24444444444444444,0.22270742358078602,-0.24444444444444444,-0.22270742358078602,-0.022988505747126436,0.022988505747126436,-0.1943127962085308,-0.011111111111111112,0.04792332268370607,-0.0509915014164306,-55,-0.0340599455040872,467.0,-0.022556390977443608,-0.0792838874680307
71,71,2205,1379,469,819,600,1395,2483,2726,3082,3032,-25.7283929460628,0.0,hartbeesport,27.87534319229014,2025-12-09,0.6740901683867463,-0.5801076647013587,-0.4583333333333333,0.5801076647013587,0.2601626016260163,0.1658785700775487,-0.1658785700775487,0.7358490566037735,0.39849624060150374,1.9601958616332333,1.010997963340122,2263,0.6740608773111435,856.25,1.9270186335403727,-0.11736941472624292
72,72,1660,898,248,508,302,942,2310,2783,3140,2964,-25.741264893213344,0.0,hartbeesport,27.89211215096332,2025-12-09,0.8245206275421266,-0.7214912280701754,-0.5313653136531366,0.7214912280701754,0.2993103448275862,0.30833333333333335,-0.30833333333333335,0.8536009445100354,0.5144694533762058,2.293889427740058,1.2366013071895425,2632,0.8244823018104911,-926.5,3.753968253968254,-0.26654205607476633
73,73,2597,1875,515,862,993,1514,2247,2422,2368,2507,-25.713513447521805,0.0,hartbeesport,27.855621952160405,2025-12-09,0.40910443320440343,-0.4662538699690402,-0.5015900549291703,0.4662538699690402,0.27441077441077444,-0.04612286002014099,0.04612286002014099,0.6427332639611516,0.20781810929397687,0.7699630417739949,0.6135653726015172,1506,0.4090849587642362,2544.75,0.9985475671750181,0.10922292600030897
74,74,1441,552,253,664,262,1322,3960,4497,4512,4868,-25.759450946985673,1.0,hartbeesport,27.838026354679386,2025-12-09,0.8902387934645999,-0.7434312210200927,-0.3691211401425178,0.7434312210200927,0.33131923464249746,0.5158743490676969,-0.5158743490676969,0.8938090241343127,0.6691919191919192,2.537313432835821,1.3352183474709394,3848,0.8902089582251119,-2831.5,4.634678298800436,-0.47340754483611625
75,75,1476,773,238,400,256,790,2189,2466,2512,2729,-25.73986314952728,0.0,hartbeesport,27.817905544467163,2025-12-09,0.815028901734104,-0.7252747252747253,-0.5735607675906184,0.7252747252747253,0.3277310924369748,0.2597793380140421,-0.2597793380140421,0.8269090909090909,0.5105162523900574,2.491166077738516,1.2223225573415206,2112,0.8149817929599446,-509.25,3.5360501567398117,-0.22713074520303436
76,76,1531,698,239,398,222,788,2451,2923,2846,3146,-25.72536556287967,0.0,hartbeesport,27.860126586283,2025-12-09,0.8552803129074316,-0.7546239210850801,-0.5873509590461379,0.7546239210850801,0.3288364249578415,0.30043408727438886,-0.30043408727438886,0.8450567260940033,0.5603960396039604,2.748795306934842,1.2827114225191463,2448,0.855235711305799,-913.0,4.119309262166405,-0.27532038032244727
77,77,1948,1256,403,682,553,1154,2404,2726,3044,3069,-25.73926968106802,0.0,hartbeesport,27.8522419338957,2025-12-09,0.6925215457325549,-0.6339237788513151,-0.48136882129277564,0.6339237788513151,0.2570806100217865,0.21955128205128205,-0.21955128205128205,0.76617348418915,0.3520796719390744,1.8642418799580902,1.0386379430159833,2362,0.6924907426970166,150.0,2.295852534562212,-0.1590450571620713
78,78,2478,1990,596,911,1386,1940,2388,2432,2492,2598,-25.760041077142077,0.0,hartbeesport,27.85283540235496,2025-12-09,0.2851985559566787,-0.4645900675874229,-0.4623782826792564,0.4645900675874229,0.36092599088039284,0.0028169014084507044,-0.0028169014084507044,0.6139896373056994,0.16656644618159952,0.43618867329231736,0.4277426840273302,1581,0.2851867896115684,2355.0,0.7339084273390842,0.11162255466052934
79,79,143,82,120,112,82,119,185,149,132,222,-25.75385785802435,0.0,hartbeesport,27.82278329121144,2025-12-09,0.2336448598130841,-0.08196721311475409,-0.12156862745098039,0.08196721311475409,0.030303030303030304,-0.04,0.04,0.047619047619047616,0.18407960199004975,-0.4545454545454546,0.34965034965034963,20,0.23347030257751214,396.0,0.21551724137931033,-0.05660377358490566
80,80,1523,750,1864,2468,1906,1825,2696,3115,3364,3005,-25.75307974125833,0.0,hartbeesport,27.82259747228224,2025-12-09,0.27666034155597724,-0.15363511659807957,0.23678276121272865,0.15363511659807957,-0.1497787095271372,0.3767137303048905,-0.3767137303048905,0.2869166029074216,-0.021709997319753416,4.439707673568819,0.41495114315529835,896,0.2766519422560226,5085.0,0.3365650969529086,-0.20780870971468177
81,81,978,410,218,451,214,961,2654,2822,2304,3077,-25.75313006721832,0.0,hartbeesport,27.824176933180432,2025-12-09,0.8300238284352661,-0.6725952813067151,-0.36878936319104266,0.6725952813067151,0.3611898016997167,0.4040219378427788,-0.4040219378427788,0.8271213322759714,0.6357446808510638,2.6740020470829067,1.2447885646217989,1853,0.8299710900022239,-746.0,3.12406576980568,-0.35810446957458264
82,82,377,221,116,134,94,391,668,645,222,965,-25.75235156784848,0.0,hartbeesport,27.821581253508153,2025-12-09,0.4050632911392405,-0.24719101123595505,-0.4755381604696673,0.24719101123595505,0.4895238095238095,-0.2587646076794658,0.2587646076794658,0.3136094674556213,0.6123711340206186,-3.855421686746988,0.6066350710900474,88,0.4048582995951417,628.25,0.512,0.16440049443757726
83,83,1668,916,268,478,319,884,1898,2165,2204,2315,-25.75120849355716,0.0,hartbeesport,27.81078482220032,2025-12-09,0.7471264367816092,-0.6435495898583147,-0.554520037278658,0.6435495898583147,0.29809104258443464,0.1384297520661157,-0.1384297520661157,0.7831715210355987,0.4696591853699086,2.2344713134186818,1.1204676045175352,1726,0.7470790595919403,430.0,2.526809651474531,-0.10876878223816999
84,84,1482,728,212,429,233,891,2294,2442,2236,2799,-25.751934066095576,0.0,hartbeesport,27.819834324137773,2025-12-09,0.8112596192790603,-0.6780487804878049,-0.5510204081632653,0.6780487804878049,0.35,0.20279720279720279,-0.20279720279720279,0.826797385620915,0.5854092526690391,2.4486552567237165,1.2166430451508403,1807,0.8112070501709083,-28.5,3.124804992199688,-0.17607494595243814
85,85,2632,1202,505,1034,538,1558,4233,5257,5680,5339,-25.750724778531552,0.0,hartbeesport,27.82580014278696,2025-12-09,0.8269540045030557,-0.6919868930592791,-0.4358974358974359,0.6919868930592791,0.2021604938271605,0.3666987487969201,-0.3666987487969201,0.8367016976556184,0.4866412213740458,2.5100068339353703,1.2403312695987778,4646,0.8269327260797407,-1782.5,3.341130604288499,-0.32228754676643506
86,86,1633,581,218,656,206,1314,5208,6338,6192,6569,-25.760436600468537,1.0,hartbeesport,27.79997200481351,2025-12-09,0.9356048765239138,-0.8084112149532711,-0.42682394058540846,0.8084112149532711,0.33401015228426395,0.5826198083067092,-0.5826198083067092,0.93198127925117,0.7289473684210527,2.582844321712116,1.4032976478862234,5536,0.9355814796754067,-5125.75,6.848970251716247,-0.5541277730634017
87,87,1530,545,222,574,202,1203,4683,5916,5672,6026,-25.76051820185183,1.0,hartbeesport,27.803113658070423,2025-12-09,0.9312223357167178,-0.8162023695164905,-0.4543726235741445,0.8162023695164905,0.35396736072031515,0.5751180227714524,-0.5751180227714524,0.9246691550729556,0.7124555160142348,2.6197318007662833,1.3967146140097029,5098,0.9311969711414058,-4692.25,6.871859296482412,-0.5457644899029636
88,88,343,192,130,141,97,235,797,671,256,884,-25.762068628134468,0.0,hartbeesport,27.804970089540426,2025-12-09,0.45042492917847027,-0.28967254408060455,-0.41735537190082644,0.28967254408060455,0.25,-0.14524207011686144,0.14524207011686144,0.32642487046632124,0.41566265060240964,-2.922794117647059,0.6746817538896747,115,0.4502208630648997,565.0,0.5867158671586716,0.06537530266343826
89,89,1097,586,342,626,438,787,1753,1863,2802,1988,-25.76287444179452,0.0,hartbeesport,27.80675511980003,2025-12-09,0.7296296296296296,-0.6347724620770129,-0.273360417875798,0.6347724620770129,0.11394196744515216,0.4372916132341626,-0.4372916132341626,0.7824427480916031,0.28489795918367344,2.0621074668527566,1.094275574756982,2176,0.7295936003160338,-797.0,2.4421487603305785,-0.3438768967728147
90,90,611,533,578,689,712,590,625,682,692,705,-25.760569202716393,0.0,hartbeesport,27.80428667795531,2025-12-09,-0.014245014245014245,-0.002172338884866039,0.06,0.002172338884866039,-0.07740422204847537,0.06216423637759018,-0.06216423637759018,0.08976377952755905,-0.09370199692780339,-0.07936507936507936,-0.02135991456034176,3,-0.014243391066545123,2045.75,-0.01578531965272297,0.020439645198611647
91,91,2066,1161,1450,1770,1482,1648,4394,5273,5404,5334,-25.76425359236281,0.0,hartbeesport,27.79873902034595,2025-12-09,0.5695614289863491,-0.5065514357401728,-0.07716371220020855,0.5065514357401728,-0.035693387946167346,0.4468540829986613,-0.4468540829986613,0.5768894076451707,0.053035143769968054,2.865283459964933,0.8542801132650839,3634,0.5695481952205583,577.75,1.2180124223602484,-0.31782349548163813
92,92,1626,603,202,631,196,1250,5083,6299,6172,6479,-25.761517920271256,1.0,hartbeesport,27.792230686373593,2025-12-09,0.9384422110552764,-0.8144936057621638,-0.4408506867523261,0.8144936057621638,0.32908027644869753,0.5829699923057194,-0.5829699923057194,0.9366175086288046,0.7289073305670816,2.56085018854988,1.4075527989322447,5541,0.9384186326976709,-5190.25,7.17406962785114,-0.5553928745729624
93,93,1444,544,191,590,196,1159,4373,5171,5284,5338,-25.763163743490793,1.0,hartbeesport,27.79384694390655,2025-12-09,0.9284671532846716,-0.7991147429349676,-0.4198623402163225,0.7991147429349676,0.32532875929102345,0.5707491082045184,-0.5707491082045184,0.930228310502283,0.7107011070110701,2.5295813860992347,1.392573670285558,4694,0.9284400455461155,-4230.0,6.51472471190781,-0.5390021082220661
94,94,319,163,172,376,160,381,1116,936,2054,1365,-25.76094631699741,1.0,hartbeesport,27.824713520694488,2025-12-09,0.8554652213188798,-0.6905349794238683,0.08201438848920864,0.6905349794238683,0.0066050198150594455,0.7311420143278551,-0.7311420143278551,0.8454627133872417,0.40850277264325324,2.7449275362318843,1.2829081056671936,1678,0.8554034035480724,-1531.25,3.4562043795620436,-0.6458410351201479
95,95,1509,588,283,735,281,1463,4250,4782,4804,5074,-25.75918223103156,1.0,hartbeesport,27.831375655403505,2025-12-09,0.8894788593903639,-0.7346091352229644,-0.3449197860962567,0.7346091352229644,0.33121019108280253,0.5219388563282116,-0.5219388563282116,0.8887359937094554,0.6777522935779816,2.588417076799817,1.3340871104119556,4069,0.8894508727355679,-2969.0,4.443025540275049,-0.47942416751490474
96,96,169,107,122,144,93,92,109,108,187,231,-25.764395647098233,0.0,hartbeesport,27.82544280763009,2025-12-09,0.3357142857142857,-0.1299093655589124,-0.07987220447284345,0.1299093655589124,-0.22033898305084745,0.05056179775280899,-0.05056179775280899,0.21035598705501618,-0.005405405405405406,-1.390532544378698,0.5026737967914439,43,0.33552255853797824,428.25,0.3533834586466165,-0.08231173380035026
97,97,1165,419,259,678,237,1070,3535,3954,4560,3865,-25.75646194175647,1.0,hartbeesport,27.83128427983184,2025-12-09,0.9011882426516573,-0.7411225658648339,-0.2642430819316332,0.7411225658648339,0.2242562929061785,0.5930131004366812,-0.5930131004366812,0.8925088192571072,0.6373374139250191,2.6747927236728124,1.3516414799374674,3882,0.901158185259612,-3243.25,4.613660618996798,-0.5492686063333869
98,98,1178,422,250,692,246,1035,3218,3815,4860,3911,-25.75716717333602,1.0,hartbeesport,27.83186846419997,2025-12-09,0.9036427732079906,-0.7507204610951008,-0.25989304812834224,0.7507204610951008,0.19861030689056167,0.6098045710500165,-0.6098045710500165,0.9021526418786693,0.6159250585480094,2.5851636037651278,1.3553314403211594,4168,0.9036144578313253,-3648.5,4.898089171974522,-0.564126109580655
99,99,450,201,114,138,91,428,919,1075,334,1409,-25.756693510334827,0.0,hartbeesport,27.83101587079783,2025-12-09,0.571764705882353,-0.4152542372881356,-0.5306122448979592,0.4152542372881356,0.5123674911660777,-0.14795918367346939,0.14795918367346939,0.49107142857142855,0.649325626204239,23.365384615384617,0.8566392479435957,196,0.5715495342929721,582.75,0.9642857142857143,0.09403437815975733
100,100,1102,412,248,598,213,1028,2992,3657,3672,3528,-25.758256598238752,1.0,hartbeesport,27.83170005068844,2025-12-09,0.8903474903474904,-0.7199063231850117,-0.2964705882352941,0.7199063231850117,0.2644526445264453,0.5383326351068286,-0.5383326351068286,0.8734693877551021,0.6567284448025785,2.7976383047557425,1.3353493758846995,3074,0.8903108237498585,-2215.0,4.088652482269503,-0.4976122254059217
101,101,1366,522,272,705,234,1299,4092,4690,4816,4863,-25.75851974435052,1.0,hartbeesport,27.82958961887203,2025-12-09,0.9073267326732674,-0.7446114834269154,-0.31916948334138096,0.7446114834269154,0.2964071856287425,0.5580718214170172,-0.5580718214170172,0.8930817610062893,0.6947162426614482,2.739775173403492,1.3608553608553609,4111,0.9072979865984444,-3271.0,4.689866939611054,-0.5215311004784688
102,102,964,366,244,564,215,995,2757,3148,3136,3055,-25.74541675212819,1.0,hartbeesport,27.86426687797778,2025-12-09,0.8716800954938825,-0.6951351351351351,-0.2617801047120419,0.6951351351351351,0.2764592687620269,0.5297560975609756,-0.5297560975609756,0.855621301775148,0.6446280991735537,2.8118983442433576,1.307325078323139,2572,0.8716384774227433,-1695.5,3.61509900990099,-0.48278131169116034
103,103,560,222,257,544,222,689,1805,2055,3022,1637,-25.748418847823665,1.0,hartbeesport,27.87180474869142,2025-12-09,0.8631319358816276,-0.6948962422882782,-0.014492753623188406,0.6948962422882782,0.11759935117599352,0.6873255164712451,-0.6873255164712451,0.8432448917352852,0.5126234906695939,2.883625128733265,1.2944983818770228,2478,0.8630893667390018,-2131.5,3.495630461922597,-0.6148731839448411
104,104,1359,507,289,704,260,1388,4149,4675,4664,4821,-25.749843755563184,1.0,hartbeesport,27.869248616486946,2025-12-09,0.8943948009748173,-0.7377049180327869,-0.3174987881725642,0.7377049180327869,0.32695984703632885,0.5487298688361282,-0.5487298688361282,0.8833030486573794,0.6844660194174758,2.713493530499076,1.3414559853792265,3960,0.8943657395373018,-3035.25,4.435045317220544,-0.507303712720633
105,105,173,103,161,186,128,130,256,56,154,356,-25.744568333779466,0.0,hartbeesport,27.871086856242503,2025-12-09,0.09219858156028368,0.09411764705882353,0.036211699164345405,-0.09411764705882353,-0.17721518987341772,-0.0581039755351682,0.0581039755351682,-0.022222222222222223,0.007751937984496124,-0.22847100175746926,0.13805309734513274,-32,0.09214629997164728,628.75,0.07492795389048991,-0.022727272727272728
106,106,184,112,186,185,132,228,447,233,129,507,-25.748418847823665,0.0,hartbeesport,27.871467556783596,2025-12-09,-0.011494252873563218,0.17834394904458598,0.0027100271002710027,-0.17834394904458598,0.10411622276029056,-0.1757188498402556,0.1757188498402556,-0.18095238095238095,0.26666666666666666,0.015856236786469344,-0.017208413001912046,-56,-0.011487210905192217,703.0,-0.008086253369272238,0.001584786053882726
107,107,102,61,169,200,137,129,83,119,82,105,-25.74910410879763,0.0,hartbeesport,27.8729468503147,2025-12-09,-0.2511415525114155,0.41843971631205673,0.32450331125827814,-0.41843971631205673,-0.21580547112462006,-0.10869565217391304,0.10869565217391304,-0.3466135458167331,-0.03007518796992481,0.3793103448275862,-0.3758542141230069,-118,-0.2509582040518343,683.75,-0.14905149051490515,-0.024489795918367346
108,108,92,65,175,185,131,114,83,77,81,66,-25.746243416160276,0.0,hartbeesport,27.87338193664738,2025-12-09,-0.2358490566037736,0.39097744360902253,0.33574007220216606,-0.39097744360902253,-0.23745819397993312,-0.06358381502890173,0.06358381502890173,-0.3671875,-0.06938775510204082,0.281214848143982,-0.3529411764705882,-104,-0.2356711915535445,637.75,-0.1388888888888889,-0.06889352818371608
109,109,2126,956,290,682,301,1162,4105,4904,4796,5156,-25.757553461292265,0.0,hartbeesport,27.90284987548685,2025-12-09,0.8818913086129095,-0.751004016064257,-0.5142450142450142,0.751004016064257,0.2603036876355748,0.38572666859289223,-0.38572666859289223,0.8859614628391663,0.5885167464114832,2.5378274616079493,1.3227072094163805,4114,0.881863626019195,-2249.0,4.624485596707819,-0.35391987222148275
110,110,2141,1093,277,640,319,1046,2959,3386,3320,3519,-25.75163231165391,0.0,hartbeesport,27.908076569303415,2025-12-09,0.8246771090959054,-0.6767676767676768,-0.5397339086659475,0.6767676767676768,0.24080664294187426,0.21589452481230545,-0.21589452481230545,0.8459827634139561,0.5326007326007326,2.376088677751386,1.236845720566012,2680,0.8246408511854384,-164.75,3.272628135223555,-0.18771669143140168
111,111,2261,1360,460,704,680,1103,2040,2301,2276,2465,-25.7641690667524,0.0,hartbeesport,27.914911476602008,2025-12-09,0.5399188092016238,-0.5275167785234899,-0.5251264755480607,0.5275167785234899,0.22080796900940786,0.0033061494379545957,-0.0033061494379545957,0.6637426900584795,0.23724060572069547,1.3725490196078431,0.8097412480974124,1572,0.5398895864905824,1857.5,1.3711340206185567,0.03611062180729258
112,112,2643,2232,810,1124,1870,2140,2482,2742,2396,2645,-25.747465576723226,0.0,hartbeesport,27.903836733759903,2025-12-09,0.123300515705579,-0.3613636363636364,-0.4032386514467746,0.3613636363636364,0.3112745098039216,-0.04901766223457035,0.04901766223457035,0.49469744229569557,0.06733167082294264,0.17435693450013257,0.1849290987929216,1272,0.12329589138710222,3432.5,0.27197518097207857,0.1693224510947014
113,113,1113,909,1400,1608,1670,1761,1512,1502,1450,1298,-25.768335801683087,0.0,hartbeesport,27.89590531726903,2025-12-09,-0.07051282051282051,0.051667756703727925,0.1819184123484013,-0.051667756703727925,0.04541406945681211,0.1314865392118611,-0.1314865392118611,0.017543859649122806,0.026522879626930923,-0.5664263645726055,-0.10575228328793462,-158,-0.07050920465617148,4687.25,-0.07313829787234043,-0.011894194922776496
114,114,1392,630,193,389,224,796,2146,2485,2350,2702,-25.749658595107796,0.0,hartbeesport,27.904933242952193,2025-12-09,0.8259518259518259,-0.7159547280029208,-0.5631667602470523,0.7159547280029208,0.3434599156118143,0.25601282736504544,-0.25601282736504544,0.84821077467558,0.5607843137254902,2.364849833147942,1.2386871237133423,1961,0.8259004879261584,-429.0,3.6529209621993126,-0.2228901178167829
115,115,1581,846,244,443,308,848,1998,2393,2342,2499,-25.76482697226777,0.0,hartbeesport,27.888010451084565,2025-12-09,0.7675471698113208,-0.6818671454219031,-0.5622529644268774,0.6818671454219031,0.313710302091402,0.19398419576854448,-0.19398419576854448,0.811291569992266,0.4671280276816609,2.153748411689962,1.1511035653650254,1899,0.7675008301385577,-1.5,2.960698689956332,-0.1557541899441341
