,B11,B12,B2,B3,B4,B5,B6,B7,B8,B8A,lat,lc,location,lon,obs_date
0,2263,927,310,862,318,1386,5704,7039,7056,7080,18.506497944390695,1.0,mula,74.00703918666893,2025-04-20
1,2134,893,324,800,375,1295,5177,6425,6420,6506,18.505126223810702,1.0,mula,74.0141504749389,2025-04-20
2,2035,861,292,716,355,1215,5013,6072,6113,6217,18.502960349210714,1.0,mula,74.01743538474888,2025-04-20
3,2118,957,321,780,342,1381,5571,6472,6347,6753,18.516280478000645,1.0,mula,73.992383435209,2025-04-20
4,2223,1014,319,878,406,1402,5240,6419,6321,6591,18.5060286715607,1.0,mula,73.99848398199897,2025-04-20
5,2227,1036,272,848,372,1352,4892,5955,6485,6095,18.511696043430668,1.0,mula,73.99263612057901,2025-04-20
6,2409,1428,542,840,996,1278,2210,2508,2451,2895,18.51082008390428,0.0,mula,74.0043031263687,2025-04-20
7,1723,835,261,748,313,1172,3999,5075,5156,4961,18.52750639104947,1.0,mula,73.98524590497568,2025-04-20
8,1768,903,460,1146,612,1931,4579,5172,5220,5367,18.525764558812657,1.0,mula,73.98810057447491,2025-04-20
9,2112,993,344,860,467,1469,5147,6114,6104,6297,18.52491299638577,1.0,mula,73.98848764830531,2025-04-20
10,1821,966,308,794,448,1244,4087,5047,5924,5199,18.524150215972437,1.0,mula,73.99069083902891,2025-04-20
11,3495,2553,902,1198,1704,2078,2061,2167,2204,2390,18.513688786870294,0.0,mula,74.00687286641144,2025-04-20
12,1299,1082,397,548,830,944,943,943,951,1143,18.508864498182167,0.0,mula,74.02016728027719,2025-04-20
13,1437,1160,389,552,788,922,1009,1173,1081,1315,18.49925274743712,0.0,mula,74.00746209251075,2025-04-20
14,378,291,333,526,316,574,368,418,369,345,18.501462345309545,0.0,mula,74.01825229545443,2025-04-20
15,397,325,242,410,278,526,340,356,340,360,18.497043149564693,0.0,mula,74.02156669226306,2025-04-20
16,844,433,276,475,259,648,1246,1716,672,1311,18.506139327472845,0.0,mula,74.00569441421281,2025-04-20
17,532,357,278,461,312,517,627,693,702,674,18.506323460628877,0.0,mula,74.03559763875296,2025-04-20
18,3449,2516,1120,1676,2442,2748,3112,3270,3319,3676,18.501756958359202,0.0,mula,74.00109108531193,2025-04-20
19,501,343,193,360,236,480,459,477,478,288,18.507354606302677,0.0,mula,73.99442546506346,2025-04-20
20,1436,771,257,435,342,853,2166,2380,1150,2891,18.507361059338333,0.0,mula,73.9955098558775,2025-04-20
21,756,430,243,478,307,625,829,1210,1286,950,18.511080990285127,0.0,mula,73.99232001509063,2025-04-20
22,2708,2372,1760,2142,2444,2349,2310,2471,2747,2611,18.51070899719045,0.0,mula,73.9906088468551,2025-04-20
23,1901,1471,539,766,1050,1268,1610,1860,1550,1856,18.51090894347884,0.0,mula,73.99414743116823,2025-04-20
24,2284,1426,434,910,593,1442,3351,3931,4083,3981,18.514506677133262,0.0,mula,73.98884555897205,2025-04-20
25,2284,973,343,836,362,1399,5523,6812,6766,6945,18.507349943122975,1.0,mula,73.99993376333599,2025-04-20
26,2086,949,317,924,400,1489,4947,5761,5744,5944,18.505932907384423,1.0,mula,73.99930269478845,2025-04-20
27,1713,890,480,904,606,1245,3505,4671,3684,4564,18.506552501958364,1.0,mula,74.00050746201556,2025-04-20
28,2151,1678,608,814,1054,1264,1845,1984,1587,2189,18.504231639510156,0.0,mula,74.04151129461552,2025-04-20
29,1719,1423,424,588,846,1190,1438,1593,1322,1741,18.52042310123532,0.0,mula,74.02267032097168,2025-04-20
30,1919,1105,506,934,728,1525,2971,3232,3239,3340,18.507617126961783,0.0,mula,74.0418056848287,2025-04-20
31,1964,1574,678,952,1190,1392,1722,1827,1750,1900,18.49252962853606,0.0,mula,74.03930336801663,2025-04-20
32,2177,1746,714,942,1378,1558,1775,1865,1946,1936,18.51379932143866,0.0,mula,73.983737215278,2025-04-20
33,2826,2286,902,1214,1582,1786,1838,2028,2078,2114,18.52638450305231,0.0,mula,74.04254166036166,2025-04-20
34,1811,1225,476,891,738,1204,2339,2700,2843,3024,18.52351419847376,0.0,mula,74.02333269895135,2025-04-20
35,3035,2766,1714,2026,2410,2842,2776,2802,2565,2740,18.49532633556132,0.0,mula,74.00552209105368,2025-04-20
36,1128,478,285,532,258,1000,2689,3017,2994,3263,-7.2916987740142485,1.0,rawapening,110.430237407084,2025-04-29
37,1513,678,230,532,251,1017,3286,3749,3764,4111,-7.28707859374682,1.0,rawapening,110.44853905139915,2025-04-29
38,1179,492,258,494,234,940,2861,3184,2941,3431,-7.297178522703524,1.0,rawapening,110.44524403911541,2025-04-29
39,1379,545,286,546,249,1027,3471,4088,4096,4454,-7.292594157787006,1.0,rawapening,110.41827507987996,2025-04-29
40,1551,608,276,602,284,1124,3626,4301,4312,4705,-7.275279448204642,1.0,rawapening,110.43875721383365,2025-04-29
41,1402,580,267,536,239,1061,3234,3752,3721,4070,-7.2809992471742495,1.0,rawapening,110.45078648176974,2025-04-29
42,852,382,210,428,225,778,1936,2226,2294,2374,-7.2861883431466765,1.0,rawapening,110.45043267977162,2025-04-29
43,927,415,247,489,247,830,2392,2544,2525,2699,-7.308124067030121,1.0,rawapening,110.43810857683711,2025-04-29
44,32,27,209,260,169,238,109,103,84,70,-7.302606487591009,0.0,rawapening,110.43254785520752,2025-04-29
45,853,1021,2346,1894,1894,891,863,846,2009,804,-7.306759006870544,0.0,rawapening,110.42771061200423,2025-04-29
46,39,37,213,252,169,233,117,104,84,69,-7.287662490293899,0.0,rawapening,110.42066191249201,2025-04-29
47,799,557,568,846,914,1154,1303,1390,1148,1294,-7.276904142785744,0.0,rawapening,110.45439113557602,2025-04-29
48,1749,994,384,582,474,1070,2216,2637,2567,2871,-7.292638779337169,0.0,rawapening,110.40786294650984,2025-04-29
49,1228,748,508,679,742,1037,1234,1335,1259,1410,-7.30235152718171,0.0,rawapening,110.45749491794939,2025-04-29
50,2211,961,277,486,246,784,3147,3988,4289,4495,-7.313766310808399,0.0,rawapening,110.42033615422847,2025-04-29
51,1137,687,339,556,513,834,1287,1451,1814,1579,-7.310612025090201,0.0,rawapening,110.45329151353896,2025-04-29
52,2018,916,252,517,230,900,3566,4357,4088,4643,-7.255870348562233,0.0,rawapening,110.43409499302646,2025-04-29
53,56,41,178,259,158,223,129,177,111,140,-7.273743918572688,0.0,rawapening,110.44185826080879,2025-04-29
54,482,219,189,324,196,505,1050,1276,1165,1339,-7.279077502992097,0.0,rawapening,110.44930510529403,2025-04-29
55,268,109,198,298,166,334,500,564,605,566,-7.279069881353581,,rawapening,110.44917017581307,2025-04-29
56,2627,2283,432,545,816,1146,1424,1664,1454,1870,-7.281452339741841,0.0,rawapening,110.4553957426479,2025-04-29
57,53,32,176,241,159,224,104,151,87,110,-7.284195685642408,0.0,rawapening,110.44913108708391,2025-04-29
58,111,54,171,166,128,226,304,301,178,293,-7.290156428693468,0.0,rawapening,110.41424963223643,2025-04-29
59,584,480,452,469,680,513,658,724,913,741,-7.2891824544702635,0.0,rawapening,110.41897881818689,2025-04-29
60,251,125,188,271,157,388,820,1042,879,1024,-7.290286291923225,,rawapening,110.41431456385132,2025-04-29
61,1040,477,279,549,254,1074,3016,3315,3374,3493,-7.286585189875051,1.0,rawapening,110.4179399123488,2025-04-29
62,1233,571,302,566,240,965,2617,2893,2989,3009,-7.286282175672277,1.0,rawapening,110.41393579609785,2025-04-29
63,782,335,249,396,236,719,1806,2113,1549,2213,-7.296286927383902,1.0,rawapening,110.43083179006015,2025-04-29
64,1516,579,247,697,246,1391,4262,4994,4724,5285,-25.741242394800636,1.0,hartbeesport,27.859761384089197,2025-12-09
65,1483,558,255,682,258,1368,4218,4909,4928,5160,-25.745151664277607,1.0,hartbeesport,27.849511145605085,2025-12-09
66,1227,474,265,646,253,1219,3683,4023,3768,4213,-25.74728473205852,1.0,hartbeesport,27.866537839385973,2025-12-09
67,102,82,190,173,124,135,112,156,134,133,-25.746449607305998,0.0,hartbeesport,27.86806354806847,2025-12-09
68,129,83,155,173,112,118,165,103,244,211,-25.74547797177662,0.0,hartbeesport,27.863574752523654,2025-12-09
69,864,353,289,630,254,971,2853,3170,4388,3520,-25.748633779735673,1.0,hartbeesport,27.869894398487464,2025-12-09
70,89,60,126,140,91,89,59,70,85,77,-25.755908209237816,0.0,hartbeesport,27.818423205807917,2025-12-09
71,2205,1379,469,819,600,1395,2483,2726,3082,3032,-25.7283929460628,0.0,hartbeesport,27.87534319229014,2025-12-09
72,1660,898,248,508,302,942,2310,2783,3140,2964,-25.741264893213344,0.0,hartbeesport,27.89211215096332,2025-12-09
73,2597,1875,515,862,993,1514,2247,2422,2368,2507,-25.713513447521805,0.0,hartbeesport,27.855621952160405,2025-12-09
74,1441,552,253,664,262,1322,3960,4497,4512,4868,-25.759450946985673,1.0,hartbeesport,27.838026354679386,2025-12-09
75,1476,773,238,400,256,790,2189,2466,2512,2729,-25.73986314952728,0.0,hartbeesport,27.817905544467163,2025-12-09
76,1531,698,239,398,222,788,2451,2923,2846,3146,-25.72536556287967,0.0,hartbeesport,27.860126586283,2025-12-09
77,1948,1256,403,682,553,1154,2404,2726,3044,3069,-25.73926968106802,0.0,hartbeesport,27.8522419338957,2025-12-09
78,2478,1990,596,911,1386,1940,2388,2432,2492,2598,-25.760041077142077,0.0,hartbeesport,27.852835402354962,2025-12-09
79,143,82,120,112,82,119,185,149,132,222,-25.75385785802435,0.0,hartbeesport,27.82278329121144,2025-12-09
80,1523,750,1864,2468,1906,1825,2696,3115,3364,3005,-25.75307974125833,0.0,hartbeesport,27.82259747228224,2025-12-09
81,978,410,218,451,214,961,2654,2822,2304,3077,-25.75313006721832,0.0,hartbeesport,27.824176933180432,2025-12-09
82,377,221,116,134,94,391,668,645,222,965,-25.752351567848482,0.0,hartbeesport,27.821581253508153,2025-12-09
83,1668,916,268,478,319,884,1898,2165,2204,2315,-25.75120849355716,0.0,hartbeesport,27.810784822200322,2025-12-09
84,1482,728,212,429,233,891,2294,2442,2236,2799,-25.751934066095576,0.0,hartbeesport,27.819834324137773,2025-12-09
85,2632,1202,505,1034,538,1558,4233,5257,5680,5339,-25.750724778531552,0.0,hartbeesport,27.82580014278696,2025-12-09
86,1633,581,218,656,206,1314,5208,6338,6192,6569,-25.760436600468537,1.0,hartbeesport,27.79997200481351,2025-12-09
87,1530,545,222,574,202,1203,4683,5916,5672,6026,-25.760518201851834,1.0,hartbeesport,27.803113658070426,2025-12-09
88,343,192,130,141,97,235,797,671,256,884,-25.762068628134468,0.0,hartbeesport,27.804970089540422,2025-12-09
89,1097,586,342,626,438,787,1753,1863,2802,1988,-25.76287444179452,0.0,hartbeesport,27.806755119800034,2025-12-09
90,611,533,578,689,712,590,625,682,692,705,-25.760569202716393,0.0,hartbeesport,27.804286677955314,2025-12-09
91,2066,1161,1450,1770,1482,1648,4394,5273,5404,5334,-25.76425359236281,0.0,hartbeesport,27.79873902034595,2025-12-09
92,1626,603,202,631,196,1250,5083,6299,6172,6479,-25.761517920271256,1.0,hartbeesport,27.792230686373593,2025-12-09
93,1444,544,191,590,196,1159,4373,5171,5284,5338,-25.763163743490793,1.0,hartbeesport,27.79384694390655,2025-12-09
94,319,163,172,376,160,381,1116,936,2054,1365,-25.76094631699741,1.0,hartbeesport,27.824713520694488,2025-12-09
95,1509,588,283,735,281,1463,4250,4782,4804,5074,-25.75918223103156,1.0,hartbeesport,27.831375655403505,2025-12-09
96,169,107,122,144,93,92,109,108,187,231,-25.764395647098233,0.0,hartbeesport,27.82544280763009,2025-12-09
97,1165,419,259,678,237,1070,3535,3954,4560,3865,-25.75646194175647,1.0,hartbeesport,27.831284279831838,2025-12-09
98,1178,422,250,692,246,1035,3218,3815,4860,3911,-25.75716717333602,1.0,hartbeesport,27.83186846419997,2025-12-09
99,450,201,114,138,91,428,919,1075,334,1409,-25.756693510334827,0.0,hartbeesport,27.83101587079783,2025-12-09
100,1102,412,248,598,213,1028,2992,3657,3672,3528,-25.758256598238752,1.0,hartbeesport,27.83170005068844,2025-12-09
101,1366,522,272,705,234,1299,4092,4690,4816,4863,-25.758519744350522,1.0,hartbeesport,27.82958961887203,2025-12-09
102,964,366,244,564,215,995,2757,3148,3136,3055,-25.74541675212819,1.0,hartbeesport,27.86426687797778,2025-12-09
103,560,222,257,544,222,689,1805,2055,3022,1637,-25.748418847823665,1.0,hartbeesport,27.87180474869142,2025-12-09
104,1359,507,289,704,260,1388,4149,4675,4664,4821,-25.749843755563184,1.0,hartbeesport,27.869248616486942,2025-12-09
105,173,103,161,186,128,130,256,56,154,356,-25.744568333779466,0.0,hartbeesport,27.871086856242503,2025-12-09
106,184,112,186,185,132,228,447,233,129,507,-25.748418847823665,0.0,hartbeesport,27.871467556783596,2025-12-09
107,102,61,169,200,137,129,83,119,82,105,-25.74910410879763,0.0,hartbeesport,27.8729468503147,2025-12-09
108,92,65,175,185,131,114,83,77,81,66,-25.746243416160276,0.0,hartbeesport,27.87338193664738,2025-12-09
109,2126,956,290,682,301,1162,4105,4904,4796,5156,-25.757553461292265,0.0,hartbeesport,27.90284987548685,2025-12-09
110,2141,1093,277,640,319,1046,2959,3386,3320,3519,-25.751632311653914,0.0,hartbeesport,27.908076569303418,2025-12-09
111,2261,1360,460,704,680,1103,2040,2301,2276,2465,-25.764169066752398,0.0,hartbeesport,27.914911476602008,2025-12-09
112,2643,2232,810,1124,1870,2140,2482,2742,2396,2645,-25.747465576723222,0.0,hartbeesport,27.903836733759906,2025-12-09
113,1113,909,1400,1608,1670,1761,1512,1502,1450,1298,-25.768335801683087,0.0,hartbeesport,27.89590531726903,2025-12-09
114,1392,630,193,389,224,796,2146,2485,2350,2702,-25.749658595107796,0.0,hartbeesport,27.904933242952193,2025-12-09
115,1581,846,244,443,308,848,1998,2393,2342,2499,-25.76482697226777,0.0,hartbeesport,27.888010451084565,2025-12-09
